mean_ax0,mean_ay0,mean_az0,mean_ax1,mean_ay1,mean_az1,mean_gx0,mean_gy0,mean_gx1,mean_gy1,std_ax0,std_ay0,std_az0,std_ax1,std_ay1,std_az1,std_gx0,std_gy0,std_gx1,std_gy1,median_ax0,median_ay0,median_az0,median_ax1,median_ay1,median_az1,median_gx0,median_gy0,median_gx1,median_gy1,mad_ax0,mad_ay0,mad_az0,mad_ax1,mad_ay1,mad_az1,mad_gx0,mad_gy0,mad_gx1,mad_gy1,max_ax0,max_ay0,max_az0,max_ax1,max_ay1,max_az1,max_gx0,max_gy0,max_gx1,max_gy1,min_ax0,min_ay0,min_az0,min_ax1,min_ay1,min_az1,min_gx0,min_gy0,min_gx1,min_gy1,corr_axy0,corr_axz0,corr_ayz0,corr_axy1,corr_axz1,corr_ayz1,corr_gxy0,corr_gxy1,label
-15556.8611111,5240.86111111,-743.305555556,-9274.08333333,-647.5,-15864.25,-7.95833333333,51.1597222222,5.6875,-71.0416666667,179.12118846,156.957194784,212.169258128,179.015469894,257.691038511,170.394010696,381.2763782,523.379572689,272.459953271,414.491901867,-15566.0,5248.0,-710.0,-9314.0,-696.0,-15828.0,-93.5,10.0,16.0,85.0,148.170524691,128.40470679,175.358796296,141.09375,183.888888889,137.715277778,281.969907407,431.855806327,205.0234375,339.672453704,-15060,5612,-288,-8764,136,-15476,1223,1057,831,467,-15960,4940,-1260,-9676,-1072,-16360,-423,-1225,-578,-977,0.351518049755,-0.157232192609,0.0471475319816,0.339138389438,-0.545167567641,-0.208002614957,-0.580874014623,-0.282601271007,0
-15572.1944444,5217.52777778,-830.722222222,-8989.33333333,-439.638888889,-16049.5555556,-20.125,65.4027777778,-2.88888888889,-72.6597222222,221.547680002,175.755708735,303.538719882,239.528207604,269.241426252,183.286003638,537.192271643,666.454089506,231.110033767,476.71847644,-15560.0,5200.0,-868.0,-8912.0,-472.0,-16066.0,-27.0,-170.0,7.0,28.5,177.480324074,148.514660494,235.972993827,208.962962963,234.09837963,149.558641975,363.581597222,561.084104938,182.99845679,381.227141204,-15040,5600,20,-8592,136,-15660,1223,1459,520,822,-16260,4892,-1348,-9464,-1020,-16420,-1390,-995,-534,-977,0.279228915112,-0.482709608285,-0.192094932172,0.327878922384,-0.657124575692,-0.176365603917,-0.24941692203,-0.362237655816,0
-15577.0833333,5275.63888889,-955.777777778,-8855.75,-101.138888889,-16133.2222222,-130.291666667,83.1111111111,-142.465277778,186.048611111,235.949132245,197.214682325,310.668767563,114.109228741,328.475406177,137.394152238,475.948649681,684.632718759,318.169456394,301.64772048,-15602.0,5296.0,-1022.0,-8834.0,-108.0,-16142.0,-32.5,-83.5,-81.0,132.5,187.08912037,167.396219136,222.490740741,94.1180555556,259.123070988,109.175925926,351.971643519,562.896604938,237.638117284,231.708815586,-15024,5704,20,-8592,648,-15760,1147,1459,499,822,-16260,4892,-1440,-9124,-792,-16420,-1390,-995,-1049,-780,0.280931902573,-0.539961732823,-0.450113701426,-0.5623392838,-0.0703050088106,0.202582155837,-0.261835021232,0.0894574519274,0
-15560.1111111,5280.30555556,-1007.91666667,-8830.41666667,38.0,-16167.0277778,-265.909722222,22.3125,-56.75,256.458333333,470.326045384,260.955996017,161.915435928,363.419107302,294.134358719,344.759365648,403.209413275,628.043053051,354.379207033,224.228837749,-15560.0,5336.0,-996.0,-8882.0,42.0,-16144.0,-270.5,78.5,4.5,238.5,334.390432099,217.536651235,133.299768519,284.503472222,239.5,239.835648148,358.855420525,492.212673611,261.434027778,179.96875,-14580,5704,-600,-8112,648,-15428,445,1220,623,726,-17132,4676,-1440,-9604,-624,-17328,-927,-1504,-1049,-156,-0.348408429188,0.0423763248924,-0.373472904762,-0.440488466248,0.708437401249,-0.101346409371,-0.742561910153,0.1708718033,0
-15550.0833333,5198.16666667,-901.666666667,-8802.69444444,-212.638888889,-16158.8611111,-366.479166667,104.840277778,-82.1736111111,459.6875,624.483937993,271.715554684,177.188927656,462.225647644,440.53791993,533.968734989,461.425322489,716.008806282,439.82768924,435.903329707,-15440.0,5226.0,-890.0,-8636.0,-236.0,-16136.0,-387.0,265.0,-33.0,369.5,506.172453704,227.627314815,139.069444444,407.032407407,341.445601852,412.353395062,367.952546296,586.915219907,338.146412037,305.0078125,-14320,5736,-488,-8112,1060,-15036,631,1121,1352,2160,-17132,4532,-1492,-9968,-1556,-17972,-1511,-1504,-1440,-245,-0.434832892457,-0.0649166421016,-0.329158431812,-0.0634699339442,0.670606676824,-0.372960784549,-0.467416942051,0.0281877671956,0
-15551.9722222,5200.72222222,-932.75,-8837.27777778,-296.5,-16168.6388889,-250.340277778,105.3125,-99.9513888889,363.638888889,522.365249388,193.665649609,189.889901852,333.904438497,377.343493237,458.483645621,438.576992678,604.71521898,412.820476566,465.138126881,-15540.0,5214.0,-924.0,-8758.0,-280.0,-16198.0,-244.0,163.0,-69.5,186.0,407.47183642,144.520833333,151.256944444,258.635030864,259.270833333,318.761188272,338.206114969,477.453125,301.848090278,331.399691358,-14320,5736,-488,-8240,1060,-15036,631,1121,1352,2160,-16876,4532,-1492,-9968,-1556,-17972,-1511,-1245,-1440,-325,-0.336555293976,-0.290595405274,-0.148583531011,0.0641333424943,0.584512218141,-0.394173649734,-0.311081616684,-0.00257264897959,0
-15585.1666667,5193.47222222,-928.944444444,-8790.58333333,-289.722222222,-16233.2222222,-214.409722222,66.3611111111,-90.7569444444,50.2916666667,319.518475122,163.730460082,163.661589181,153.561700317,159.164006739,188.744710274,298.767828872,439.460581796,199.635655774,164.205477409,-15548.0,5202.0,-920.0,-8770.0,-296.0,-16234.0,-225.5,132.0,-138.5,88.0,234.675925926,120.799768519,134.634259259,104.795138889,122.11882716,128.222222222,254.195698302,346.72492284,154.811342593,132.237268519,-14508,5700,-524,-8520,312,-15640,471,1044,537,414,-16612,4492,-1300,-9556,-632,-17236,-872,-1106,-393,-325,-0.0680687754896,-0.284955264043,-0.0646929337339,-0.166627285386,0.608500888044,-0.226872060631,-0.624625604818,0.369917421093,0
-15591.6111111,5194.91666667,-920.277777778,-8886.44444444,-422.666666667,-16125.25,-123.027777778,105.284722222,-252.770833333,-108.888888889,307.097695467,615.822373582,330.768683977,167.852823386,165.776832042,154.498760943,428.807436275,580.61073058,114.092694418,342.816922152,-15606.0,5192.0,-870.0,-8852.0,-432.0,-16126.0,-232.0,158.0,-246.5,-42.5,209.733024691,270.583333333,186.268518519,140.018518519,136.574074074,122.694444444,306.883101852,464.193479938,88.869212963,265.685185185,-13212,10980,-44,-8596,4,-15792,1464,2482,-22,353,-16152,3424,-3020,-9260,-860,-16472,-738,-1189,-588,-1074,-0.0842704625479,-0.276180375309,-0.308664627305,0.486221753922,-0.470355809159,-0.333449730434,-0.548833396515,0.407989974481,0
-15596.1388889,5210.41666667,-930.666666667,-9099.13888889,-480.555555556,-15970.3333333,-119.444444444,101.1875,-216.736111111,-63.9375,323.240035322,623.046468651,325.260261579,147.327645472,141.711110538,124.647979852,420.2121139,647.173758498,137.187584614,357.400388954,-15612.0,5196.0,-888.0,-9132.0,-488.0,-15968.0,-210.5,126.5,-211.0,54.0,224.907021605,293.295138889,171.314814815,116.873842593,113.37345679,99.1990740741,287.280864198,542.576388889,112.728780864,275.558159722,-13212,10980,-44,-8664,-88,-15700,1464,2482,76,382,-16160,3424,-3020,-9332,-860,-16420,-749,-1189,-588,-1074,-0.0824787186576,-0.291769796539,-0.306622462895,0.0762676805567,-0.34951097667,0.0152866425617,-0.424655823691,0.484770064482,0
-15639.5,5156.83333333,-1042.5,-9180.91666667,-344.416666667,-15933.6388889,-306.347222222,11.0,-105.777777778,265.631944444,278.090139836,295.377108733,303.56349781,104.25543537,192.708900365,117.909447957,266.118600182,493.537239723,95.0701209336,260.958179178,-15650.0,5190.0,-968.0,-9188.0,-356.0,-15924.0,-293.0,-1.5,-94.5,254.0,223.229166667,225.097222222,235.979166667,80.7800925926,156.288194444,93.8638117284,221.681134259,402.861111111,71.0030864198,205.000385802,-14852,5800,-468,-8936,228,-15668,204,985,89,915,-16216,3928,-1784,-9468,-812,-16252,-872,-917,-409,-248,0.270122096425,0.111342355509,0.17249930905,0.419895066192,0.297248239683,-0.133234147775,-0.025586027788,0.249794907282,0
-15672.0,5051.97222222,-1309.91666667,-8998.91666667,-175.805555556,-16061.7777778,-479.604166667,138.694444444,70.8680555556,918.625,772.598268129,553.169430467,389.195323713,509.694814763,554.210094693,1197.19904138,619.148831693,1491.89500876,834.866751619,972.445614817,-15696.0,5044.0,-1348.0,-9064.0,-206.0,-15986.0,-417.0,-74.5,-29.0,491.0,424.722222222,413.583333333,324.945601852,308.854166667,317.049382716,486.932098765,397.996527778,842.874614198,382.6796875,716.444444444,-13144,6828,-308,-7140,2472,-12284,763,5512,5825,3922,-19836,3364,-2508,-11716,-1800,-23844,-2615,-2627,-2573,13,-0.448996812461,-0.110629425629,-0.138551406976,0.324418039478,0.268114613164,-0.391501412304,0.402627662405,0.320278659481,0
-15673.9444444,4970.41666667,-1183.02777778,-8680.38888889,-430.527777778,-16251.1111111,-541.583333333,269.604166667,73.6666666667,1315.27083333,778.06055976,651.16299937,628.953664835,514.427227296,674.460985974,1194.46241594,1173.26867239,2089.48475336,844.420809488,941.485385087,-15702.0,4866.0,-1268.0,-8654.0,-556.0,-16280.0,-385.5,-75.5,1.5,1230.5,448.169753086,509.429398148,513.218364198,338.69367284,487.211805556,479.759259259,901.487268519,1604.65190972,410.263888889,781.563657407,-13144,6828,480,-7140,2472,-12284,1662,5512,5825,3922,-19836,3364,-2508,-11716,-1800,-23844,-3599,-3079,-2573,13,-0.388272986259,-0.0985737161249,-0.604124453282,0.138525001871,0.267041701291,-0.280952886339,0.691245735369,0.262389087166,0
-15658.0833333,5003.25,-946.694444444,-8554.94444444,-799.916666667,-16332.4166667,-281.548611111,54.1597222222,-144.3125,353.965277778,329.94713499,469.291736839,547.468954036,171.438658637,306.500379311,138.853421734,1257.17732909,1681.2025652,180.90230214,1048.64629629,-15700.0,5068.0,-968.0,-8568.0,-848.0,-16330.0,-113.5,-138.0,-173.0,260.5,277.023148148,364.677083333,435.34066358,136.628858025,217.928240741,105.989583333,996.897665895,1378.00636574,141.959201389,880.408275463,-14840,6524,480,-8052,620,-15944,1662,4903,447,2108,-16308,3652,-2440,-8908,-1504,-16820,-3599,-3079,-514,-1946,0.192621423472,-0.121009402029,-0.863373079218,0.418691754472,0.0122579895618,0.176437979132,0.736585072234,0.3728335722,0
-15619.3333333,5115.69444444,-961.166666667,-8675.41666667,-640.25,-16268.75,183.923611111,0.291666666667,-214.652777778,-821.861111111,314.864739524,242.196050674,231.76640036,161.226049883,292.210947369,168.933781043,794.469045372,988.7420904,146.899438485,564.756505624,-15638.0,5130.0,-974.0,-8684.0,-632.0,-16278.0,125.5,-144.0,-228.0,-718.5,259.925925926,189.989197531,184.729166667,128.377314815,252.423611111,127.673611111,613.737750772,800.161458333,114.047067901,457.697145062,-14840,5640,-340,-8052,-72,-15772,1544,2110,296,247,-16308,4464,-1472,-9160,-1176,-16820,-1717,-1504,-514,-1946,0.281783681983,-0.239370576379,-0.499763360557,-0.350209968303,-0.112042311607,0.304001153356,0.161298686587,0.152954854385,0
-15630.4444444,5137.83333333,-1005.94444444,-8764.66666667,-329.5,-16209.4722222,334.631944444,39.5625,-202.875,-1011.78472222,289.677365206,160.85079739,190.744722966,114.841088137,177.648273538,135.716484842,535.909301722,729.469169187,207.376819112,451.681368031,-15648.0,5128.0,-982.0,-8764.0,-294.0,-16222.0,364.5,38.0,-260.0,-989.5,240.564814815,124.627314815,158.828703704,86.4722222222,138.840277778,107.244212963,424.157503858,543.979166667,165.559027778,367.481095679,-15020,5640,-632,-8432,8,-15772,1316,2110,335,-8,-16384,4796,-1432,-9160,-800,-16520,-907,-1302,-510,-1869,0.179183299713,-0.197208562391,-0.0812351112748,0.189692912858,0.0775326273705,-0.191357065106,-0.620965017865,-0.0162489017823,0
-15605.9722222,5162.08333333,-984.166666667,-8918.88888889,-328.583333333,-16116.5277778,46.9861111111,21.8125,-196.666666667,-409.0,270.126827101,133.641389468,181.921292441,191.699907931,147.41556787,141.922264965,506.172377091,411.409005969,179.703913434,595.210135074,-15612.0,5162.0,-954.0,-8908.0,-322.0,-16112.0,-118.0,57.0,-212.5,-187.5,228.055941358,107.916666667,147.798611111,166.762345679,117.052083333,116.986882716,416.22029321,325.342013889,129.958333333,533.458333333,-15024,5496,-632,-8508,8,-15784,1316,747,335,264,-16384,4852,-1432,-9272,-712,-16388,-907,-1192,-510,-1561,0.384292432552,-0.128126853117,-0.096363546336,0.637454971495,-0.65632941517,-0.496195383202,-0.477780669239,-0.127726393247,0
-15558.7777778,5219.66666667,-944.805555556,-9161.83333333,-402.583333333,-15957.6111111,-117.0625,99.7708333333,-218.125,4.52083333333,230.621066137,127.433624571,101.628232255,116.370159345,101.43525959,116.949879356,167.182585952,238.307544104,103.264266527,146.012451272,-15542.0,5218.0,-954.0,-9170.0,-398.0,-15962.0,-101.5,120.0,-208.0,-3.0,197.436728395,100.111111111,81.7496141975,92.1550925926,78.5798611111,93.4776234568,129.913194444,169.734375,78.140625,126.111400463,-15156,5520,-692,-8872,-144,-15660,346,747,22,264,-16040,4852,-1228,-9464,-712,-16192,-530,-444,-502,-301,0.495675511694,0.015819942505,-0.119236496127,0.122317992946,-0.581015019795,-0.0304785135568,-0.096092602464,0.438611811267,0
-15564.8333333,5256.83333333,-979.388888889,-9255.55555556,-356.527777778,-15880.2222222,-66.0625,98.5277777778,-139.097222222,-85.2222222222,217.91221688,107.566469936,90.7458690124,77.6135106271,100.37607218,104.488125898,101.351511748,120.44636937,139.089211169,87.1672650146,-15542.0,5252.0,-980.0,-9256.0,-348.0,-15880.0,-74.0,83.0,-127.0,-103.5,186.291666667,88.5347222222,70.6280864198,63.3024691358,77.8202160494,85.6666666667,85.4618055556,97.9834104938,112.227623457,68.5108024691,-15156,5520,-756,-9068,-168,-15660,156,388,107,141,-16048,4868,-1224,-9464,-740,-16128,-253,-134,-502,-242,0.576682035303,-0.0130444247217,-0.0760949044638,-0.228714042883,-0.19311592453,0.160180829307,-0.0411507377418,0.101952613163,0
-15569.5555556,5238.16666667,-979.333333333,-9271.11111111,-406.694444444,-15861.3888889,-132.638888889,88.9652777778,-111.9375,-23.8611111111,221.034876145,126.343188968,109.254050508,100.906597476,157.662526989,111.693205628,160.092657223,199.119228899,116.42544472,217.305354142,-15572.0,5244.0,-984.0,-9274.0,-376.0,-15860.0,-171.0,34.0,-108.0,-57.5,188.111111111,99.2384259259,82.2685185185,80.012345679,125.847608025,89.2052469136,122.717978395,162.152006173,92.6579861111,153.87037037,-15120,5516,-676,-9052,-168,-15604,258,622,107,597,-16048,4804,-1260,-9572,-824,-16112,-509,-286,-407,-525,0.399623325806,-0.080853275112,-0.116131443552,0.25840758626,-0.161319929394,-0.118812707918,0.0166030565515,-0.445522091057,0
-15594.25,5212.86111111,-969.944444444,-9257.47222222,-454.916666667,-15869.1388889,-168.604166667,54.7777777778,-119.006944444,131.479166667,230.79441704,187.220919992,128.94752973,164.157690879,311.147919762,136.319380801,241.830930329,550.759963763,189.093882648,425.628929441,-15602.0,5218.0,-968.0,-9274.0,-480.0,-15860.0,-171.0,171.5,-149.0,60.0,190.371527778,142.948302469,97.9429012346,112.829089506,181.02662037,105.075231481,181.879050926,397.478395062,133.435763889,286.042824074,-15108,5688,-676,-8552,1052,-15580,258,1730,572,1573,-16152,4716,-1456,-9572,-1064,-16292,-904,-1631,-471,-525,0.018971301249,-0.0790101276663,-0.247063373286,0.780827066943,-0.256017563772,-0.246129614244,0.112278946973,0.0736317397296,0
-15612.5277778,5184.16666667,-900.638888889,-9208.02777778,-455.833333333,-15897.6944444,-254.201388889,66.9722222222,-108.965277778,186.541666667,222.644875265,227.254024405,170.457984943,184.619508339,329.292651527,142.036008326,404.705687413,718.349029299,233.339256398,477.346876192,-15602.0,5158.0,-906.0,-9236.0,-500.0,-15884.0,-145.0,153.5,-129.5,106.5,182.605324074,184.62037037,131.010030864,145.080246914,206.092592593,106.081404321,335.473861883,555.990354938,173.814429012,343.997685185,-15108,5756,-472,-8552,1052,-15580,558,1730,572,1573,-16152,4676,-1456,-9564,-1064,-16364,-1159,-1631,-714,-517,0.0465929169817,-0.0189775324898,-0.294970615028,0.716618416527,-0.217991168546,-0.117976451005,-0.34539813577,-0.274416692209,0
-15573.3611111,5154.47222222,-904.638888889,-9210.91666667,-332.888888889,-15904.4722222,-174.027777778,112.25,-100.715277778,129.194444444,213.223367273,224.512897583,187.575275747,147.94156378,275.600783315,130.783969872,484.802936599,669.222913305,187.901464402,335.904421091,-15574.0,5104.0,-888.0,-9220.0,-360.0,-15884.0,-217.5,126.5,-78.5,68.5,175.75,183.413580247,150.981095679,121.461805556,227.203703704,102.116126543,387.497299383,530.638888889,142.411747685,253.321373457,-15108,5848,-472,-8868,308,-15596,853,1669,191,1221,-16064,4676,-1476,-9532,-1064,-16364,-1159,-989,-714,-517,0.268070873824,-0.0521900899824,-0.159160691799,0.317010012406,-0.23093896636,-0.0811957362819,-0.635732314075,-0.652053252504,0
-15561.2777778,5151.38888889,-1043.86111111,-9217.72222222,-224.0,-15904.5555556,-131.409722222,32.0763888889,-82.1944444444,42.5555555556,208.163277914,256.800461601,220.31657487,105.591536827,192.605107079,107.47253855,377.379729615,485.731847515,102.596247002,185.61230283,-15582.0,5112.0,-1026.0,-9212.0,-242.0,-15910.0,-194.0,-35.5,-105.5,-5.0,175.095679012,189.457561728,170.625385802,80.762345679,152.333333333,84.2700617284,292.307291667,367.181037809,86.6230709877,152.521604938,-15108,6424,-376,-8868,308,-15596,853,1468,148,479,-15960,4044,-2056,-9528,-748,-16232,-721,-945,-294,-284,0.253828794038,0.0367918136368,0.056468251187,0.355170677134,-0.338731047549,-0.238810919556,-0.504234774728,0.174248057756,0
-15595.6944444,5101.30555556,-1016.36111111,-9194.25,-333.277777778,-15913.75,-179.479166667,49.7083333333,-146.111111111,-42.7708333333,214.297397358,312.934526492,311.944378472,88.6457158416,166.65170096,92.9500580243,379.916129293,279.298844261,96.6339869204,168.32622002,-15600.0,5096.0,-982.0,-9192.0,-300.0,-15922.0,-204.5,90.0,-146.0,-25.0,178.865354938,198.545910494,220.684027778,69.4236111111,128.897376543,74.7638888889,271.837094907,240.994212963,71.125,144.682291667,-15124,6424,-376,-8960,-28,-15696,1670,908,50,267,-16064,3396,-2704,-9472,-812,-16108,-721,-449,-497,-390,0.198379557728,0.11105981558,0.145042638603,0.373414252624,-0.13215942851,-0.0841140770424,0.233220990822,0.353624472301,0
-15602.6666667,5106.75,-824.416666667,-9231.86111111,-621.972222222,-15879.4166667,-131.041666667,72.1041666667,-119.215277778,-27.7083333333,226.554366806,255.500153956,290.461015282,104.536981853,287.552876121,126.70495986,378.279133904,262.237620286,121.263866668,171.068868273,-15600.0,5130.0,-788.0,-9236.0,-636.0,-15870.0,-162.0,92.0,-114.0,-23.0,190.0,154.722222222,196.641203704,84.9780092593,244.30632716,95.400462963,287.663194444,226.3359375,92.877025463,136.972222222,-15124,6332,-384,-8960,-40,-15424,1670,801,193,510,-16148,3396,-2704,-9472,-1240,-16276,-647,-446,-497,-390,0.197713596808,0.0717387440359,0.152324415407,0.386660811761,-0.225043503225,-0.185346043395,0.282970497223,0.365400916642,0
-15608.8611111,5117.72222222,-736.611111111,-9212.55555556,-816.138888889,-15909.9166667,-171.229166667,29.7291666667,-47.9236111111,53.5486111111,228.298498355,145.937741513,159.629865193,119.36579366,140.660112641,148.728104106,257.692062089,331.270856976,129.023122547,226.437716775,-15606.0,5128.0,-722.0,-9236.0,-804.0,-15898.0,-133.5,7.5,-54.5,9.5,195.916666667,120.269290123,126.367283951,96.4706790123,110.372685185,113.885416667,212.208622685,269.870659722,103.829571759,179.439332562,-15168,5468,-320,-8928,-420,-15424,298,725,297,585,-16148,4768,-1156,-9432,-1240,-16276,-723,-605,-366,-315,0.450843125581,-0.0820963521832,-0.0792933613678,0.146562749022,-0.411227453221,-0.0152395705002,-0.359435907064,0.0288483553384,0
-15658.75,5028.91666667,-691.388888889,-9057.91666667,-892.777777778,-16012.4722222,-136.930555556,24.2361111111,-43.6319444444,2.96527777778,235.172173203,182.624054972,137.173317509,175.611757894,165.171173955,153.320357716,222.736089965,325.014297396,224.463548414,302.623919326,-15652.0,5020.0,-680.0,-9040.0,-864.0,-16004.0,-129.5,51.5,-12.0,-0.5,194.659722222,151.146990741,104.132716049,144.16087963,132.674382716,123.089891975,173.705439815,260.93132716,177.559606481,240.159239969,-15064,5468,-320,-8696,-604,-15568,348,725,430,585,-16468,4668,-1092,-9536,-1372,-16368,-723,-605,-641,-962,0.431406248413,-0.0457511458455,-0.017678144654,-0.195580142992,-0.104409285141,0.348037120382,-0.588443159716,-0.120895334006,0
-15630.3611111,4982.02777778,-637.888888889,-9054.25,-917.25,-16007.0833333,-244.5,35.875,-120.347222222,65.5416666667,249.991737237,167.81608083,141.906258387,166.414576251,170.157619238,167.299049692,372.096742816,351.979574165,352.709022875,285.73888699,-15620.0,4972.0,-640.0,-9070.0,-906.0,-15982.0,-192.5,66.0,-70.0,112.5,189.593364198,135.695216049,107.614197531,133.291666667,142.725694444,132.006944444,251.152777778,265.383680556,264.40933642,219.374421296,-14660,5464,-240,-8696,-608,-15420,348,743,563,589,-16468,4660,-1052,-9536,-1372,-16368,-1685,-1280,-1358,-962,0.162421176766,-0.0721789057699,-0.116635248094,-0.144876041831,-0.00232062032746,0.32167081265,0.460105537929,-0.236423323749,0
-15647.1388889,4985.05555556,-547.361111111,-9060.94444444,-802.055555556,-16011.1944444,-408.659722222,94.3263888889,-140.597222222,156.694444444,267.608800463,241.885824588,249.338891216,169.710233414,141.197267044,160.715588505,392.938653608,509.827433164,343.263121965,227.205285254,-15644.0,5010.0,-532.0,-9100.0,-784.0,-16010.0,-296.5,38.0,-126.5,194.5,196.281635802,181.508487654,206.843364198,134.62037037,107.339506173,126.75,311.935763889,389.52025463,244.899884259,189.293595679,-14660,5780,20,-8540,-448,-15420,318,1337,563,589,-16508,4340,-1240,-9396,-1248,-16340,-1685,-1280,-1358,-280,-0.143515450003,0.0557770550563,-0.387836216679,0.379087042941,-0.0703822473471,0.00402288912571,0.209584635657,-0.393979317953,0
-15702.1944444,4951.44444444,-407.944444444,-9012.80555556,-868.166666667,-16019.0833333,-296.145833333,122.770833333,-139.104166667,108.993055556,225.594142592,232.31500732,208.172056923,149.582976378,149.314423961,130.404615088,277.896342519,399.352950763,213.772989808,193.749152817,-15682.0,4942.0,-372.0,-9034.0,-886.0,-16026.0,-220.0,102.0,-151.5,136.5,168.543981481,165.938271605,140.37808642,119.871527778,118.868055556,103.331018519,208.40306713,254.200520833,165.47337963,156.188078704,-15112,5780,20,-8540,-448,-15720,132,1337,424,563,-16508,4340,-1240,-9256,-1140,-16336,-1213,-1157,-547,-280,-0.116678985835,0.322303030338,-0.413192915537,0.467752054701,-0.0574767078866,-0.0584493331994,-0.280901495029,-0.591490357748,0
-15668.5833333,4930.41666667,-363.194444444,-9125.88888889,-968.722222222,-15945.6944444,-130.625,69.5833333333,-151.479166667,106.131944444,179.358277223,163.270229473,88.2394452,121.225393213,103.278457494,100.206868389,98.1599148386,131.098665668,121.840143393,100.040428648,-15670.0,4932.0,-364.0,-9126.0,-960.0,-15952.0,-137.0,100.5,-151.0,109.0,143.416666667,98.8275462963,66.4834104938,95.1111111111,82.7824074074,82.2905092593,75.2430555556,103.231481481,99.5625,85.628279321,-15232,5356,-28,-8848,-696,-15700,169,280,138,271,-16160,3732,-620,-9472,-1268,-16180,-346,-309,-424,-147,0.0748026373539,0.0510235002388,-0.0703201268574,0.225382867261,-0.423082713726,0.144697887094,-0.528979868973,-0.0647938615842,0
-15655.6666667,4954.72222222,-344.416666667,-9300.97222222,-989.166666667,-15821.0,-163.826388889,57.6319444444,-236.236111111,118.743055556,178.77438217,191.882628914,127.696947847,189.509043438,130.362700058,163.36907463,155.910514493,264.927322044,174.433628394,115.408532276,-15668.0,4950.0,-348.0,-9248.0,-990.0,-15838.0,-160.0,50.0,-211.0,132.0,143.356481481,130.244598765,97.5775462963,151.952546296,107.222222222,126.513888889,116.432677469,190.830054012,130.882523148,95.0283564815,-15232,5360,-20,-8968,-684,-15348,169,772,138,357,-16160,3732,-712,-9788,-1320,-16148,-582,-404,-785,-147,-0.0698333775352,-0.051117786627,-0.20005018443,0.523902713628,-0.745950752436,-0.326621755969,-0.0778867928392,-0.0654689157005,0
-15671.5,4966.33333333,-303.722222222,-9560.41666667,-1015.94444444,-15640.1111111,-181.479166667,97.6458333333,-285.597222222,156.888888889,181.59441475,177.28488393,149.886411278,222.21301127,149.970243099,173.919646711,221.239292934,301.329721338,176.562844433,210.627604003,-15682.0,4958.0,-300.0,-9612.0,-1006.0,-15624.0,-206.5,55.5,-272.5,177.0,147.875,141.564814815,124.107253086,181.168981481,116.885802469,142.007716049,174.913194444,249.56568287,139.249807099,156.405864198,-15236,5432,-20,-9000,-684,-15244,315,772,115,545,-16116,4596,-712,-10072,-1408,-16148,-582,-476,-785,-431,0.114614786338,-0.083177585301,-0.203104601252,0.283919977916,-0.714816674501,-0.155922956431,-0.0937640264056,0.393624730501,0
-15634.75,5026.88888889,-333.972222222,-9791.11111111,-957.277777778,-15462.7777778,-115.902777778,112.25,-195.541666667,147.263888889,189.392828155,205.186700284,141.218669126,158.775344262,182.506344154,209.139577458,227.584805355,458.115102952,248.053453381,308.498891796,-15626.0,5000.0,-322.0,-9762.0,-976.0,-15488.0,-115.5,141.0,-190.0,200.5,155.996527778,157.598765432,114.859567901,132.74691358,139.355709877,158.524691358,196.041666667,378.53125,197.092013889,263.800347222,-15244,5752,-72,-9492,-516,-14712,315,1082,308,643,-16196,4596,-660,-10128,-1408,-15944,-503,-735,-847,-448,0.287178192603,-0.163025904266,0.00822967491392,0.0628497000126,-0.118982814726,0.35407962308,-0.534940533628,0.00492696395442,0
-15614.9444444,5071.05555556,-401.416666667,-9816.83333333,-825.083333333,-15453.1666667,-170.6875,44.6388888889,5.57638888889,216.875,193.882372882,206.913778123,126.130995287,184.079566257,175.539906407,217.444470847,284.57494911,569.124755715,322.569829375,283.732905896,-15606.0,5024.0,-390.0,-9816.0,-828.0,-15470.0,-138.5,-53.5,62.0,277.5,148.429783951,164.9375,99.7175925926,153.289351852,139.290509259,167.847222222,236.972222222,492.933256173,253.928530093,237.395833333,-15244,5752,-124,-9448,-408,-14712,402,1082,553,643,-16312,4716,-772,-10332,-1272,-15944,-873,-897,-847,-448,-0.092563049285,-0.178697131612,0.458866321054,0.440487479171,-0.0330845915305,0.00871950713496,-0.734224355688,0.112309155784,0
-15674.5,4990.80555556,-426.555555556,-9618.55555556,-879.138888889,-15597.1111111,-182.131944444,76.5833333333,0.0972222222222,51.0694444444,178.824053075,198.482116923,119.66817629,208.884408687,166.527790625,153.066881086,358.251645091,510.406577275,253.102050218,315.730956832,-15672.0,4950.0,-416.0,-9564.0,-914.0,-15610.0,-214.5,106.0,-73.0,71.5,131.791666667,153.100694444,94.450617284,162.108024691,133.702932099,118.922839506,287.690393519,434.725694444,219.375964506,273.123070988,-15252,5552,-72,-9276,-408,-15112,441,939,553,610,-16312,4600,-772,-10332,-1172,-15944,-888,-897,-379,-552,0.0350673128764,-0.113759671903,0.540708824792,-0.358206019815,-0.358797986868,0.288345171156,-0.834964530048,0.67273934526,0
-15692.6111111,4950.55555556,-460.694444444,-9474.97222222,-978.083333333,-15695.6666667,-152.736111111,96.1388888889,-92.375,-33.5069444444,168.721275146,141.143867375,101.395388771,86.2648340903,87.4809469766,134.543829134,267.846762007,343.897480477,178.490793283,239.418935184,-15670.0,4952.0,-458.0,-9484.0,-978.0,-15684.0,-194.0,52.0,-110.5,45.5,128.871141975,104.484567901,80.824845679,67.8070987654,70.3611111111,95.6435185185,177.424189815,243.71720679,102.920138889,195.327739198,-15320,5544,-72,-9208,-744,-15392,441,926,998,708,-16212,4600,-692,-9656,-1172,-16216,-888,-666,-369,-552,0.389123626395,0.028124355734,0.421163260351,0.317082110773,-0.314098035621,-0.268918353547,-0.850555630006,0.623804054928,0
-15696.3888889,4891.33333333,-474.416666667,-9274.25,-996.416666667,-15843.6666667,-112.013888889,50.5625,16.1597222222,105.222222222,186.393264649,183.584206399,163.429140352,237.872490377,182.500253856,200.360793451,275.118511936,392.25307085,397.958701572,414.134862741,-15672.0,4912.0,-468.0,-9308.0,-986.0,-15816.0,-165.5,32.5,-65.5,110.0,147.260030864,144.203703704,124.162037037,209.538194444,135.600694444,172.384259259,197.09375,258.893229167,257.027391975,259.182098765,-15284,5448,-108,-8760,-556,-15424,564,911,1553,1049,-16304,4424,-940,-9648,-1532,-16324,-778,-977,-618,-971,0.0478880947913,0.00765657981809,-0.505737618933,-0.0809845741094,-0.608753739926,0.165382428981,0.0827472886001,0.6634899926,0
-15711.0277778,4801.13888889,-401.277777778,-9092.36111111,-1131.16666667,-15958.5833333,-132.75,51.4166666667,-32.7777777778,127.833333333,156.18905276,204.01105863,179.089634332,164.521370266,254.697681754,158.393662902,330.922603082,456.685971892,416.139877715,450.849919984,-15714.0,4770.0,-382.0,-9094.0,-1152.0,-15964.0,-113.5,47.5,-112.5,140.0,121.512731481,162.582947531,137.548611111,130.972222222,192.402777778,118.269675926,264.354166667,374.902777778,302.324074074,343.421296296,-15284,5448,-56,-8668,-556,-15424,564,911,1553,1049,-16304,4288,-940,-9488,-1872,-16428,-842,-977,-618,-971,-0.0606767778511,-0.00149128778082,-0.468611976686,0.425379103407,-0.272290336912,-0.0855156767969,0.131184607314,0.487425602445,0
-15722.6388889,4794.19444444,-406.555555556,-9026.94444444,-1124.52777778,-16026.0277778,-140.722222222,7.26388888889,-63.7222222222,123.368055556,133.683406982,173.815321887,123.29972452,174.053435159,238.897348832,145.332603557,259.087679747,502.201628164,225.799169523,333.396438592,-15716.0,4812.0,-410.0,-9030.0,-1112.0,-16024.0,-92.5,-43.0,-21.5,114.0,104.915509259,140.71412037,97.0200617284,136.959104938,173.023533951,116.694444444,216.808641975,390.195216049,197.488425926,261.30005787,-15356,5136,-56,-8668,-472,-15600,212,1130,357,717,-16104,4288,-688,-9488,-1872,-16428,-842,-1294,-542,-728,-0.137084639542,-0.175780985781,-0.0730411966925,0.553863746717,-0.495509770001,-0.447327950549,0.155261200834,0.253649972652,0
-15736.1388889,4753.5,-589.805555556,-8848.5,-874.583333333,-16146.6111111,-74.8541666667,49.7430555556,-7.52777777778,157.5,146.411366592,178.462038823,178.160816714,167.446891695,332.960097569,156.649763508,337.581256082,588.817610363,151.961439001,495.57202944,-15734.0,4768.0,-544.0,-8852.0,-980.0,-16128.0,-11.0,-5.0,9.5,114.0,116.474151235,148.659722222,148.167438272,139.993055556,272.957175926,129.719907407,281.028356481,491.478780864,120.53742284,377.041666667,-15380,5136,-216,-8492,-108,-15828,617,1130,357,1476,-16148,4204,-1100,-9304,-1496,-16652,-720,-1294,-354,-728,-0.0744202642109,-0.236415894924,-0.0168338334856,0.561073548442,-0.357777914332,-0.425202391216,0.0293540059161,0.186140969701,0
-15753.1111111,4674.72222222,-657.777777778,-8612.27777778,-699.472222222,-16281.9444444,-259.0625,113.618055556,-45.375,17.3611111111,149.839966431,180.847207636,208.119265311,214.696743177,395.635842035,219.288607537,362.611433921,564.521122593,209.011589166,536.02710519,-15752.0,4656.0,-686.0,-8606.0,-670.0,-16278.0,-341.5,30.5,0.5,-165.5,119.990740741,140.449074074,173.796296296,166.011574074,352.902006173,172.333333333,281.349826389,463.55314429,160.798611111,418.935185185,-15432,5120,-200,-7860,-20,-15764,617,1483,485,1476,-16148,4156,-1112,-9056,-1388,-16824,-960,-986,-655,-914,-0.133898296359,-0.203772114389,-0.426556712958,0.211790536974,-0.133448687968,-0.246675138011,-0.0665771560532,0.195809497642,0
-15792.6944444,4662.38888889,-399.75,-8477.05555556,-1147.77777778,-16387.3611111,-90.4652777778,-1.23611111111,-23.3055555556,-142.673611111,247.908546125,215.168209077,292.925716735,221.467192089,605.090531797,374.698734204,431.431118459,807.440157657,429.155982169,428.467978744,-15758.0,4640.0,-348.0,-8484.0,-1246.0,-16342.0,-241.5,74.0,16.0,-124.0,169.549382716,166.577160494,235.211805556,153.956018519,518.580246914,274.336805556,370.539544753,589.919174383,332.34375,347.358989198,-15172,5304,272,-7820,-20,-15752,762,1483,1040,610,-16904,4156,-1112,-9276,-2284,-18064,-960,-2522,-1104,-1343,-0.126942364445,-0.357594080907,-0.0836234390093,0.0585133775192,0.366362353355,-0.142025567917,-0.231006431241,0.396899630377,0
-15799.3055556,4609.22222222,-199.861111111,-8346.66666667,-1597.91666667,-16427.6944444,7.72222222222,-14.1111111111,-66.1944444444,-133.229166667,312.774484271,245.51986929,274.066772812,301.914821499,373.023771717,392.190072332,705.094512778,835.628661724,442.416603935,526.135013101,-15776.0,4570.0,-180.0,-8322.0,-1602.0,-16392.0,143.5,-98.5,-18.5,-121.5,224.636574074,187.242283951,212.688657407,245.277777778,291.141203704,291.959490741,572.580246914,628.50154321,341.146219136,430.33275463,-15172,5304,424,-7752,-516,-15640,1300,1418,1040,800,-16904,4024,-1016,-9276,-2324,-18064,-1646,-2522,-1104,-1343,-0.191899415155,-0.326158911126,-0.00731721273934,0.376306756552,0.226560331708,-0.287789876542,-0.351897394881,0.428377589086,0
-15762.4444444,4637.25,-294.888888889,-8165.97222222,-1495.0,-16487.3888889,-46.1458333333,149.583333333,-163.4375,-130.548611111,271.580553229,238.25400737,281.052345897,222.816050207,354.985905364,248.502680013,741.15278729,665.597722856,278.206386104,616.105576615,-15780.0,4618.0,-334.0,-8136.0,-1518.0,-16486.0,-63.5,-60.0,-192.5,-286.0,199.62962963,178.354166667,219.194444444,160.717978395,284.652777778,196.611111111,617.780671296,542.851851852,233.072048611,502.516300154,-15068,5228,424,-7708,-636,-15640,1300,1614,446,1163,-16556,4024,-1016,-8896,-2324,-17292,-1646,-963,-972,-1155,-0.243032915782,-0.154510302668,-0.167218485263,0.57745796549,0.0734731139798,-0.156297819991,-0.323958408719,0.0820181226306,0
-15723.9444444,4747.0,-437.222222222,-8250.25,-1305.66666667,-16489.8055556,-67.3680555556,195.069444444,-119.333333333,19.4166666667,180.315177746,182.181036527,132.369711346,186.533916749,246.60537259,172.643667862,479.498583481,758.503123363,226.23204252,510.25461216,-15728.0,4716.0,-464.0,-8268.0,-1252.0,-16476.0,-165.0,137.5,-119.5,-99.5,132.726080247,143.666666667,104.458333333,149.402777778,200.935185185,141.06712963,396.181712963,604.171489198,181.222222222,397.47337963,-15068,5228,-8,-7708,-736,-16100,890,2162,446,1163,-16212,4400,-684,-8668,-1920,-16900,-1001,-963,-546,-857,-0.210579519074,-0.148785839462,-0.120252368832,-0.038031400599,-0.218609020381,-0.081553328307,-0.392256288045,-0.381012328534,0
-15723.8611111,4743.69444444,-379.361111111,-8396.27777778,-1342.75,-16417.1944444,-266.0,122.513888889,-166.361111111,-4.04166666667,108.509456976,120.453297556,162.575538596,113.251403267,229.531828163,123.180308899,252.802308124,608.205752659,147.313025317,238.882329783,-15732.0,4730.0,-418.0,-8372.0,-1316.0,-16404.0,-283.0,121.5,-192.0,-69.5,85.9340277778,93.8441358025,136.438657407,92.8603395062,191.3125,96.6604938272,178.180555556,409.673804012,112.983796296,181.280671296,-15440,5128,16,-8172,-736,-16100,320,2162,291,720,-16000,4432,-684,-8668,-1804,-16728,-1001,-831,-419,-342,0.0125700410779,-0.277369365537,-0.0576059327123,0.455846385387,-0.231341923483,-0.408930542325,-0.797648228666,-0.173255137796,0
-15768.1666667,4694.36111111,-265.75,-8339.38888889,-1476.25,-16426.9166667,-167.520833333,31.3680555556,-109.277777778,-104.138888889,219.098151521,143.620644985,271.950928831,183.076624682,206.008876854,205.279257176,559.061075623,298.139586835,291.837401909,354.44286255,-15748.0,4708.0,-222.0,-8356.0,-1474.0,-16396.0,-239.5,102.5,-187.0,-136.0,154.740740741,97.3537808642,180.607638889,145.884259259,171.8125,154.079861111,386.274594907,233.47337963,190.274691358,250.583719136,-15312,5040,340,-7868,-952,-15784,1154,694,1160,982,-16660,3808,-1452,-8892,-1944,-16976,-1497,-731,-544,-712,-0.0794223387221,0.24435995085,0.154395476151,0.584257484922,-0.193260933612,-0.213571109157,-0.618278908545,-0.0113185486945,0
-15781.3055556,4657.19444444,-284.166666667,-8356.94444444,-1583.72222222,-16409.5,-132.6875,87.2083333333,-142.166666667,-60.6111111111,273.342155466,241.311604773,322.300775999,225.827701441,380.370567281,405.895263627,667.864266064,938.706429343,522.882288964,616.739510597,-15750.0,4664.0,-236.0,-8366.0,-1588.0,-16364.0,-95.5,152.5,-160.0,-312.0,218.839506173,167.455632716,232.148148148,187.349537037,295.341049383,292.430555556,536.138020833,682.80150463,379.113425926,488.622685185,-15256,5308,340,-7868,-452,-15532,1154,1876,1397,1795,-16660,3796,-1452,-8964,-2488,-18196,-1497,-2467,-1576,-936,-0.180070896329,0.143481082727,0.127525668817,0.607336320414,0.0265153616604,-0.302465038054,-0.42088753097,0.503319756252,0
-15766.0,4663.08333333,-241.916666667,-8495.27777778,-1709.33333333,-16318.5277778,-127.597222222,112.138888889,-205.736111111,88.25,192.442380805,227.869042872,225.761787323,154.184996705,329.795868205,361.594834584,410.234221337,915.58911152,446.964258925,531.330662326,-15768.0,4654.0,-210.0,-8516.0,-1724.0,-16286.0,-82.0,89.5,-175.0,138.0,140.361111111,153.297453704,166.989583333,106.539351852,212.833333333,210.84375,301.224729938,632.716049383,303.120563272,385.347222222,-15256,5308,188,-7968,-452,-15532,754,1876,1397,1795,-16580,3796,-1112,-8964,-2488,-18196,-1472,-2467,-1576,-936,-0.210590454784,-0.0796665279822,0.100147902991,0.510554380616,0.143921662047,-0.309636358779,-0.481239584956,0.775619101285,0
-15759.25,4685.80555556,-208.777777778,-8538.27777778,-1679.13888889,-16280.5,-132.826388889,54.6458333333,-91.75,132.534722222,93.9250929035,108.072837248,136.780383641,70.8906815702,96.1480946221,81.5896263802,192.979883363,202.161344854,101.989887062,116.094663159,-15770.0,4684.0,-204.0,-8538.0,-1664.0,-16276.0,-148.0,48.0,-96.0,95.0,73.3784722222,72.2087191358,112.410493827,56.3888888889,76.6423611111,66.1388888889,167.014178241,138.778935185,76.2256944444,93.1952160494,-15452,5120,92,-8380,-1468,-16088,314,602,149,450,-15956,4376,-516,-8780,-1928,-16476,-436,-498,-437,-115,-0.00973506089391,-0.180583180535,-0.0527668481614,-0.025187076577,-0.0905375839497,-0.114604311374,-0.617809971281,0.227581670078,0
-15760.3888889,4677.08333333,-244.527777778,-8529.02777778,-1637.66666667,-16287.9722222,-181.854166667,68.4722222222,-91.7013888889,70.0138888889,80.9486681094,69.0299924681,116.241606627,69.1199367517,86.944078161,79.5490739547,126.595936078,87.3007777538,58.0839854752,51.1506736431,-15756.0,4682.0,-266.0,-8518.0,-1632.0,-16280.0,-173.0,75.0,-95.0,66.0,63.849537037,55.1643518519,91.5875771605,55.9054783951,68.9027777778,63.0825617284,103.61400463,72.2785493827,46.6902006173,43.2229938272,-15548,4840,92,-8384,-1444,-16088,124,249,35,179,-15972,4520,-516,-8780,-1892,-16480,-416,-113,-218,-36,0.258777409021,-0.168883822132,-0.1702949175,-0.0416941872065,-0.157456208293,0.0714623305003,0.0270105073025,0.235679690878,0
-15755.2777778,4667.66666667,-226.944444444,-8529.75,-1652.16666667,-16283.1666667,-153.506944444,86.75,-132.993055556,68.9861111111,74.3165074458,75.3212235249,102.130574436,73.8877905638,92.1960513694,80.8470886814,71.6338784295,109.757679694,60.9413906823,78.8556250115,-15744.0,4670.0,-224.0,-8520.0,-1652.0,-16280.0,-140.5,107.0,-137.0,81.5,58.7986111111,60.5324074074,81.0964506173,60.2465277778,71.9467592593,63.1319444444,60.2925347222,93.3923611111,51.2433449074,63.9045138889,-15592,4856,60,-8312,-1428,-16100,-31,268,7,217,-15972,4476,-468,-8716,-1900,-16488,-334,-155,-247,-134,0.151716424769,-0.0522272316542,-0.0975793244981,-0.143496939568,-0.191028932358,0.0135436003268,0.331699331999,0.308623438494,0
-15757.1111111,4682.41666667,-220.944444444,-8531.94444444,-1652.16666667,-16275.9722222,-152.513888889,87.8472222222,-126.493055556,81.1805555556,69.5953449845,82.2008030859,100.155946779,79.432935849,88.4677650591,81.5369789928,72.5789645797,116.608442847,63.1023141362,102.194840151,-15744.0,4684.0,-216.0,-8528.0,-1654.0,-16278.0,-157.0,104.5,-131.0,76.5,57.1234567901,65.9166666667,79.2484567901,63.7770061728,66.1666666667,66.4726080247,61.2976466049,102.809799383,52.1045524691,75.4986496914,-15620,4868,60,-8312,-1372,-16032,1,268,35,383,-15944,4476,-452,-8740,-1900,-16488,-276,-155,-247,-134,0.103407179712,-0.0684364732245,0.00923521977375,-0.0758193515636,-0.248127154281,-0.150333514728,-0.369927322802,-0.0740322176525,0
-15745.9444444,4707.5,-306.861111111,-8617.58333333,-1559.22222222,-16255.2222222,-125.9375,106.916666667,-147.576388889,71.3541666667,153.60505973,134.253595751,148.759467518,176.961909694,221.667818144,161.669110596,177.091822366,298.961992111,183.534817103,333.535007101,-15752.0,4696.0,-292.0,-8564.0,-1596.0,-16270.0,-153.0,127.5,-118.0,95.5,105.196759259,101.055555556,114.988425926,136.935185185,153.486111111,117.665123457,132.701388889,191.006944444,119.641396605,242.037037037,-15112,5092,32,-8196,-428,-15752,297,868,364,845,-16064,4236,-792,-9204,-2028,-16908,-642,-1111,-941,-697,-0.207644040233,-0.155574821597,0.0497219190533,0.258502232164,-0.358390959671,-0.353756988529,-0.167490054205,-0.575660819172,0
-15732.9189189,4734.97297297,-373.621621622,-8697.08108108,-1460.10810811,-16236.0,-93.5405405405,106.932432432,-184.148648649,38.9189189189,204.405771355,165.108928177,167.989456837,212.828360761,332.515508653,220.101097568,234.137308338,455.897889645,268.604546236,453.080196619,-15744.0,4710.0,-380.0,-8672.0,-1492.0,-16234.0,-116.5,168.5,-173.0,226.5,152.544923302,128.780131483,131.351351351,172.420745069,228.201607012,168.756756757,196.255661066,298.244338934,188.264791819,405.69101534,-15112,5092,32,-8196,-388,-15752,297,868,616,845,-16064,4236,-792,-9204,-2028,-16908,-642,-1257,-941,-697,-0.295636618326,-0.113711695207,0.12799325747,0.637156134304,-0.387414392734,-0.567894631729,-0.151143459568,-0.575797220393,0
-15762.0,4882.0,-542.0,-8246.0,-402.0,-16688.0,-26.0,-1225.5,544.0,22.0,121.622366364,19.7989898732,19.7989898732,2.82842712475,19.7989898732,11.313708499,33.941125497,44.5477272148,101.823376491,138.592929113,-15762.0,4882.0,-542.0,-8246.0,-402.0,-16688.0,-26.0,-1225.5,544.0,22.0,86.0,14.0,14.0,2.0,14.0,8.0,24.0,31.5,72.0,98.0,-15676,4896,-528,-8244,-388,-16680,-2,-1194,616,120,-15848,4868,-556,-8248,-416,-16696,-50,-1257,472,-76,1.0,-1.0,-1.0,1.0,-1.0,-1.0,1.0,-1.0,0
