mean_ax0,mean_ay0,mean_az0,mean_ax1,mean_ay1,mean_az1,mean_gx0,mean_gy0,mean_gx1,mean_gy1,std_ax0,std_ay0,std_az0,std_ax1,std_ay1,std_az1,std_gx0,std_gy0,std_gx1,std_gy1,median_ax0,median_ay0,median_az0,median_ax1,median_ay1,median_az1,median_gx0,median_gy0,median_gx1,median_gy1,mad_ax0,mad_ay0,mad_az0,mad_ax1,mad_ay1,mad_az1,mad_gx0,mad_gy0,mad_gx1,mad_gy1,max_ax0,max_ay0,max_az0,max_ax1,max_ay1,max_az1,max_gx0,max_gy0,max_gx1,max_gy1,min_ax0,min_ay0,min_az0,min_ax1,min_ay1,min_az1,min_gx0,min_gy0,min_gx1,min_gy1,corr_axy0,corr_axz0,corr_ayz0,corr_axy1,corr_axz1,corr_ayz1,corr_gxy0,corr_gxz0,corr_gyz0,corr_gxy1,corr_gxz1,corr_gyz1,label
-5898.5,8561.97222222,-18718.25,5407.5,121.861111111,11582.0833333,-1895.6875,-10713.4652778,134.055555556,13369.7222222,4048.05801321,7218.94802784,8201.26913213,1792.31833305,3163.13810414,2155.74353827,17599.4988595,17087.9868692,2863.89042397,3289.7720359,-5916.0,6054.0,-18906.0,5278.0,1128.0,11302.0,-2590.5,-11693.0,241.5,13717.0,3406.27777778,6318.35648148,7134.49652778,1517.95833333,2759.53935185,1718.84143519,15788.4322917,14940.6190201,2384.83101852,2629.33873457,1300,22276,-6528,8744,5720,18208,24795,19510,5561,20292,-13352,-1248,-32012,1736,-7172,6636,-28461,-32768,-6203,6260,0.795962032381,0.385622296676,0.0813379639517,0.247738309355,0.0462782701884,-0.213004947883,0.28528294003,,,-0.398884812961,,,10
-5659.97222222,7792.38888889,-19458.1666667,5407.72222222,-16.9722222222,11471.5555556,-3139.17361111,-9758.57638889,20.6041666667,13150.2916667,3879.7832683,7398.57453395,7647.65616272,1981.84671401,3255.77722117,2004.82339273,19241.7856416,16192.754628,3315.26561545,3337.49047902,-5406.0,5736.0,-19610.0,5498.0,488.0,11566.0,-5478.0,-9983.0,483.0,13992.5,3191.74884259,6381.80864198,6540.99537037,1666.11111111,2798.47067901,1640.89506173,17275.9187886,14327.2291667,2671.08709491,2698.54398148,1300,21584,-6372,9196,6792,16644,27703,19510,7113,20292,-13352,-3156,-32768,1388,-7448,7368,-32768,-32768,-7528,6182,0.673286910662,0.324865714051,-0.0186520567417,0.0104441697016,0.0209381889613,-0.183069628251,0.408969142693,,,-0.411986626774,,,10
-4016.05555556,6024.38888889,-17757.4444444,5489.5,276.694444444,11420.5833333,-4437.8125,-11911.6458333,55.4375,11644.5972222,4673.68790723,7254.29037954,7103.9859291,1806.97327583,3181.90338708,2140.06077784,18247.4751919,13538.0826888,3325.36152242,3452.40224325,-4698.0,4658.0,-18146.0,5746.0,1194.0,11262.0,-9593.5,-14821.5,623.5,11956.5,3784.99305556,6080.57561728,6138.77314815,1446.22916667,2676.49652778,1695.61574074,15935.1944444,11816.3975694,2762.98784722,3044.66396605,7476,21584,-3748,9500,6792,17404,27703,14966,7113,19165,-12528,-5248,-32768,1388,-7448,6428,-32768,-32768,-7528,4355,0.312869853669,0.50261334739,-0.0808607521723,-0.0142578634442,0.0779773737315,-0.131365956813,0.367579464422,,,-0.449774465313,,,10
-4029.91666667,5937.94444444,-17622.75,5359.13888889,244.972222222,11538.8611111,-5058.1875,-11410.6805556,220.9375,11725.9861111,4950.99007899,7452.30430011,7963.2562826,1837.67248127,2874.88345995,2228.43913078,18272.5951238,15084.2560389,3227.53982868,3201.31965356,-4776.0,3720.0,-16434.0,5458.0,558.0,11262.0,-10324.0,-15788.0,876.0,11917.0,4181.89699074,6352.10339506,6615.11111111,1454.83371914,2441.5007716,1775.09143519,15966.5894097,12533.6182485,2755.05729167,2704.41743827,7476,22740,-3536,10840,5616,17404,32767,23712,7362,17644,-12356,-5860,-32768,760,-6316,6428,-32768,-32768,-6232,4355,0.0945433105891,0.546931412974,-0.0423305330981,0.111358761443,0.112848619936,-0.202040903277,0.311517712791,,,-0.293448185674,,,10
-4191.80555556,6646.63888889,-19490.5277778,5711.88888889,95.0833333333,11373.6111111,-4602.88888889,-8880.79861111,324.1875,13708.625,4685.09314231,7886.60858326,8731.75295399,2261.47438481,2784.01445695,2404.64842701,19422.240925,17311.8763174,4236.672312,3289.70040482,-3908.0,4124.0,-18294.0,5846.0,-344.0,11066.0,-9403.0,-12593.0,1142.5,13456.0,4026.63348765,6728.72646605,7559.98996914,1845.33641975,2253.19097222,1894.0007716,16929.7237654,14916.8098958,3586.97569444,2584.515625,5244,22740,-3536,11568,7968,19468,32767,23712,9409,23453,-14096,-9516,-32768,760,-4968,5892,-32768,-32768,-8542,7342,0.296262482708,0.342777593028,-0.0598843131179,0.152407422951,0.121456982438,-0.140199029845,0.544103071492,,,-0.399715430018,,,10
-2752.27777778,6347.58333333,-19136.6111111,5890.88888889,400.722222222,11332.0833333,-4125.83333333,-9831.17361111,427.805555556,13000.5208333,4210.62939076,8112.55275587,8397.41648342,2323.66185301,2817.80547067,2780.93499269,17211.9493843,16352.1124695,4549.6315939,3572.1638522,-2002.0,3536.0,-16784.0,6138.0,152.0,10976.0,-7390.0,-11927.0,1345.0,12168.5,3373.55015432,7051.72453704,7416.79861111,1869.12962963,2259.87345679,2151.14814815,14670.3981481,13976.8445216,3823.85763889,2758.12268519,5244,21564,-8788,11568,7968,19468,32767,20343,9409,23453,-14096,-9516,-32768,856,-5864,5876,-28156,-32768,-8542,5892,0.406918378262,0.188477970868,-0.0385817098083,0.106420185593,0.109528060107,-0.0315895973111,0.657510816794,,,-0.477581830201,,,10
-2572.94444444,7306.41666667,-18155.0,5652.5,218.805555556,11436.0833333,-4607.42361111,-10179.2986111,190.666666667,12571.3888889,2805.48728993,7923.26252247,8102.65312329,2093.07439418,2967.78930057,2656.88659348,15360.7901351,17626.3961574,4070.02853377,3105.60066397,-2786.0,4850.0,-15574.0,5860.0,152.0,11518.0,-6622.5,-12840.5,1101.0,12248.5,2338.96064815,7004.4849537,7141.06944444,1633.30555556,2355.56674383,2100.69212963,13152.0966435,15188.6333912,3399.61111111,2401.82947531,1988,23924,-8184,10932,6296,19160,25596,25708,9191,20907,-8892,-8940,-32768,856,-7760,5876,-28156,-32768,-9215,5892,0.0454091269889,0.313394740639,-0.184124923285,0.114592524735,0.0395181522723,-0.0935277844471,0.681237904497,,,-0.309263864086,,,10
-2281.91666667,7309.22222222,-18196.3333333,6050.19444444,317.138888889,11256.8055556,-3324.58333333,-10211.5555556,-296.576388889,13068.2222222,2724.36034579,6978.19701847,7275.85164986,2096.19381103,2955.17670389,2561.27038321,15094.841279,17834.2173982,4029.61401712,2894.25891681,-2864.0,5222.0,-16950.0,5714.0,-226.0,11428.0,-3372.5,-13385.0,504.5,12765.0,2246.42824074,6188.01234568,6173.26388889,1514.53510802,2358.83680556,2055.39429012,13247.8611111,15787.1219136,3444.58275463,2284.06635802,5264,23924,-720,14108,6488,18944,25596,25708,6243,20907,-8604,-5672,-32768,1100,-7760,5664,-27976,-32768,-9687,8295,0.191274233352,0.244307698864,-0.248108837687,-0.0419387484221,-0.0472895988773,0.119843841612,0.704855851415,,,-0.25820975373,,,10
-1500.55555556,6236.47222222,-18715.3055556,6330.38888889,433.555555556,11179.1944444,-3001.31944444,-10471.4236111,-304.229166667,12492.0416667,3177.72694805,6010.19740428,6901.40925436,2189.14260801,2526.37648634,3039.64961469,14570.058741,16409.2982717,3664.13978823,2555.06727533,-2270.0,4100.0,-17222.0,6126.0,-102.0,10890.0,-2978.0,-13259.0,-301.0,12366.0,2703.70061728,5288.58024691,5745.3757716,1614.82098765,2135.88271605,2312.44984568,12540.0738812,14605.9855324,3086.74305556,2005.05787037,5264,17788,468,14108,6488,21040,22038,16158,6243,18900,-8428,-5672,-32768,1344,-4688,5636,-26057,-32768,-9687,6840,0.569987246407,0.0185829295274,-0.0591011373997,-0.353012727624,-0.00294829904228,0.436363417171,0.641036357776,,,-0.359041439874,,,10
-629.472222222,5143.5,-18146.8333333,6104.80555556,-250.416666667,11267.8611111,-2020.95138889,-9232.73611111,-308.965277778,11457.1527778,2913.08447287,5369.77613577,7289.14416686,1966.18015692,2549.65879933,3161.77867666,13324.4563522,16271.4388088,2728.74712001,2347.16665773,-218.0,4212.0,-15326.0,6100.0,-626.0,11336.0,-1207.5,-12567.0,-684.5,11398.5,2418.63580247,4470.22916667,6244.875,1456.30555556,2156.49305556,2378.91859568,10985.3097994,14328.6302083,2299.7191358,1861.43479938,5012,18040,468,11716,6108,21040,21374,17397,5536,17355,-8084,-4212,-32768,1292,-6012,4644,-27399,-32555,-6966,6692,0.342678856105,0.14717947196,-0.158584303192,-0.443986516696,0.151501340212,0.165138882299,0.566109429872,,,-0.160790973651,,,10
-350.361111111,4709.02777778,-17884.2222222,5955.88888889,-590.0,11389.9722222,-2104.33333333,-8371.27083333,-394.25,11017.375,2365.23990596,6215.74278786,7546.73373005,1943.53661889,2632.67481306,2841.45287358,12675.6121332,16615.9799183,2447.41562995,1964.15238707,-240.0,3710.0,-14980.0,5976.0,-390.0,11246.0,-1319.0,-11499.5,-672.5,10696.0,1900.53780864,5158.94675926,6476.49074074,1420.77932099,2221.0,2213.02546296,10313.9351852,14506.5815972,1981.86458333,1640.234375,5164,19764,-7248,11716,5052,19188,22928,23244,5510,15307,-5320,-8720,-32768,600,-6532,4644,-27399,-31571,-5264,6692,0.266553251492,0.0987785187889,-0.46780236474,-0.449454053056,0.131994482867,-0.10039824839,0.500601780639,,,-0.139349264214,,,10
-1097.16666667,5727.88888889,-18653.2222222,5757.61111111,-426.138888889,11469.6388889,-1898.04861111,-7775.97222222,-262.402777778,11738.6319444,2704.13261044,6407.14981648,7148.52654625,2278.63388441,2758.46422918,2637.52536755,13299.8265725,15038.580593,2813.98756793,2472.53387412,-1322.0,3844.0,-18568.0,5852.0,-142.0,11348.0,-1955.5,-7271.5,-477.0,11712.0,2240.94212963,5496.76080247,6044.5,1784.9220679,2296.18402778,2017.0632716,11254.0472608,12945.9714506,2198.36091821,1898.41849923,5164,19764,-7248,11476,6264,17864,22928,23244,5717,20039,-6380,-8720,-32768,484,-6532,4520,-26891,-31571,-7411,6870,0.498459327558,0.104803383923,-0.446168628116,-0.350962090083,0.218912663861,-0.184608871339,0.471405061308,,,-0.154565425999,,,10
-1431.83333333,6179.94444444,-18885.3888889,5616.77777778,-406.555555556,11459.7222222,-1231.76388889,-6653.76388889,-126.770833333,11798.4027778,2958.67877808,5952.40659537,6981.63668982,2373.994976,2688.52245219,2882.00379603,15045.049779,13503.0840191,3315.2319661,2461.34963353,-976.0,4566.0,-18318.0,5300.0,-702.0,11384.0,-2181.5,-6489.0,78.0,11425.5,2503.42824074,5137.88503086,5889.14969136,1882.69753086,2171.30709877,2181.21450617,13153.9403935,11873.0972222,2651.89265046,1856.46412037,3540,18804,-8056,12256,6264,19856,28214,18770,6738,20039,-9244,-8392,-32768,484,-5604,4520,-26094,-26929,-7411,6870,0.363830626511,0.196386063572,-0.163457865248,-0.296265562486,0.389128145708,-0.138900590188,0.551509828046,,,-0.0135841424658,,,10
-692.361111111,5958.5,-18834.75,5751.16666667,-550.833333333,11455.3888889,-2439.54861111,-5721.41666667,-174.902777778,10760.9027778,2977.02470941,6216.01236375,7563.63786331,2002.59193585,2464.63314338,2949.76542178,16026.9272229,15164.9751622,3464.77980878,2479.64051737,378.0,4688.0,-16812.0,5568.0,-1050.0,11262.0,-2130.0,-7705.0,68.5,10438.5,2411.02700617,5476.61805556,6473.22569444,1545.17592593,1972.45601852,2312.1712963,14143.8756752,13184.9907407,2709.24459877,2004.34760802,2856,18804,-8396,12256,5568,19856,28214,25001,9765,16393,-9244,-8392,-32768,1388,-5604,5488,-27059,-26929,-7374,5967,0.206621544639,0.259148321808,-0.163182315687,-0.347614665655,0.315214350681,0.147517338287,0.582135501935,,,-0.0721029999371,,,10
-47.2222222222,6078.16666667,-18801.8333333,5573.55555556,-725.972222222,11524.3333333,-3391.59722222,-5783.56944444,-256.402777778,10473.5972222,2937.59181245,5536.4947003,7368.82752579,1689.4085603,2021.62501951,2668.42030218,15991.3794042,15540.7185044,3283.84740308,2682.76252913,976.0,5336.0,-17112.0,5488.0,-968.0,11460.0,-4518.0,-5908.0,-312.5,9609.0,2268.08641975,4783.59490741,6361.78009259,1327.67592593,1643.72415123,2081.34722222,14253.6361883,13529.1111111,2568.26388889,2250.22164352,5048,16416,-7992,10728,5056,18644,22461,25001,9765,16551,-7280,-4692,-32768,1420,-4564,6404,-28285,-30708,-7132,5967,0.151131944147,0.562485606693,-0.205842260715,-0.496951200903,0.0803566598633,0.314313520604,0.509010264486,,,-0.249639869148,,,10
429.25,6736.36111111,-18001.6666667,5521.30555556,-1044.80555556,11469.3055556,-3810.97916667,-7690.15972222,-332.097222222,11003.1666667,2886.858092,5784.14887104,6997.52786716,1545.9850879,2123.54033875,2414.64922318,14869.0699534,15592.0502447,2531.50759504,2335.84651402,1018.0,6036.0,-17246.0,5486.0,-1158.0,11344.0,-7308.5,-6455.5,-557.0,10916.5,2223.03125,4942.96180556,6090.45833333,1163.63657407,1656.72762346,1907.02662037,12987.9126157,13993.856385,1961.88078704,1895.8287037,5668,18696,-6712,10728,4796,18644,22461,17408,6668,16551,-6736,-3584,-32768,1420,-6936,6544,-28285,-30708,-6770,7011,0.0962762917523,0.499487791486,-0.323785294522,-0.422613265906,0.0671908834638,0.177812752216,0.516396196131,,,-0.148304366001,,,10
114.583333333,6498.94444444,-16812.6111111,5383.5,-1242.25,11398.4722222,-4605.41666667,-9334.04166667,-34.0347222222,10958.1875,2197.33659345,6911.06441133,6688.85052175,1634.46385213,2687.96310825,2321.14068878,12581.5081814,15805.5729385,2367.14995614,2309.78705757,196.0,3962.0,-14976.0,5494.0,-1506.0,11304.0,-5799.5,-13988.0,-621.5,10914.0,1807.17824074,6075.6720679,6014.03395062,1247.31944444,2133.70486111,1821.51967593,10690.7372685,13907.287037,1860.90200617,1796.25954861,5668,21312,196,10224,6972,17892,20601,20088,6406,17039,-4964,-3584,-32768,1668,-6936,6140,-22898,-30801,-3573,6572,-0.109089067828,0.254084560076,-0.463622270464,-0.0400532090821,0.132776863735,0.0636000825066,0.504523187064,,,-0.11269532269,,,10
-893.222222222,6668.61111111,-16793.4166667,5193.61111111,-1160.05555556,11585.1111111,-4398.9375,-10383.7708333,-327.791666667,10657.2361111,2295.00011257,7150.35816513,6832.07121479,2003.68953778,3019.84503788,3200.71168465,12885.8549826,14587.0386095,3306.31380714,2902.82915527,-1052.0,3814.0,-15154.0,5296.0,-1344.0,11702.0,-5168.0,-12610.5,-173.5,10098.0,1810.82098765,6264.76003086,5821.88773148,1528.93287037,2368.33256173,2364.15123457,11006.1762153,12478.6264468,2612.06076389,2179.82040895,3520,21312,196,10948,8900,21488,20601,20088,6406,19178,-8244,-3500,-32768,-796,-6784,2640,-22898,-30801,-8328,5708,-0.268090222042,0.348618721424,-0.44164025962,-0.172530588197,0.182975091395,0.0552218494169,0.539759942094,,,0.0672959942411,,,10
-811.666666667,7041.5,-17343.6944444,5466.52777778,-837.361111111,11554.8611111,-2367.04166667,-11490.6319444,-962.048611111,11390.3333333,3073.17236152,6793.74996812,6333.88300933,2067.67205994,2785.00549173,3338.10155546,13724.7527181,13971.2150834,3242.49611466,3047.67440858,-1246.0,4992.0,-16156.0,5282.0,-1364.0,11394.0,-2807.0,-13709.0,-361.0,10788.0,2517.80092593,5984.25694444,5040.42978395,1558.33487654,2186.74652778,2538.38503086,11988.0538194,11994.5880594,2686.80671296,2491.80092593,6336,19656,-5512,10948,8900,21488,23608,18022,5449,19178,-8244,-4636,-32768,-796,-6784,2640,-22520,-30631,-8328,5708,0.311414913961,0.200349448931,-0.277115430412,-0.381254954447,0.167129739292,0.0808597296277,0.757247337717,,,0.0974786980912,,,10
-279.805555556,5994.13888889,-17672.8055556,5940.22222222,-541.805555556,11260.6944444,-2494.16666667,-10260.6180556,-934.861111111,11693.9097222,2857.84549216,5863.53619004,5907.79968658,1700.23996844,2259.40098899,2806.59588068,13084.5561086,16027.1823785,2951.11013037,2233.23369893,-640.0,4794.0,-16924.0,5708.0,-1164.0,11078.0,-3004.5,-13899.5,-767.5,11622.0,2400.7025463,4915.07677469,4617.15046296,1380.74382716,1944.94367284,2197.90933642,11342.6736111,13509.4072145,2422.49228395,1775.82137346,6336,17268,-7588,10360,4176,18812,23608,23045,7618,17235,-6824,-8368,-32112,2040,-4672,4884,-21548,-30609,-6384,7461,0.679690569513,-0.0247382517203,-0.107652409883,-0.368878013833,0.0383345154606,0.164795116573,0.638744002869,,,-0.00816346955237,,,10
3.02777777778,4851.61111111,-17474.0277778,6372.33333333,-530.333333333,11184.5555556,-1260.78472222,-8739.5625,-814.715277778,11298.5902778,2184.48383414,4965.59689454,6827.8159507,1312.46107368,2272.83558455,2598.1203151,11573.9915111,15795.01517,2531.55306174,1951.79919297,-154.0,3810.0,-16954.0,6640.0,-970.0,11102.0,-927.5,-11448.0,-787.5,10887.5,1840.04282407,4028.55169753,5463.55748457,1094.35648148,1873.73148148,2082.74537037,9718.62895448,13740.1232639,1977.07638889,1546.11921296,4788,16252,-7340,9452,5308,18148,18642,23045,7618,15565,-3820,-8368,-32768,3336,-4672,4884,-21548,-30210,-6384,7701,0.397301271073,0.107802398764,-0.2935372882,-0.147685561202,0.00188652818272,0.156583827486,0.500857654355,,,0.0437627217731,,,10
-408.388888889,5452.33333333,-17774.0833333,6348.30555556,-724.166666667,11273.5555556,623.076388889,-7581.88194444,-466.229166667,12293.4861111,2646.05608911,5579.80846351,6848.97027583,1536.34677611,2728.37328517,2445.80394716,12113.788975,13300.8908311,2245.48250992,2614.54939087,144.0,3650.0,-17010.0,6728.0,-1194.0,11282.0,1336.5,-9185.0,-442.0,11653.5,2161.52700617,4651.68981481,5761.8125,1233.95987654,2070.47453704,1956.83333333,10006.0464892,11770.8607253,1658.94068287,2109.22665895,4788,18948,-4960,11312,9896,16700,27393,14837,5425,20369,-7760,-5932,-32768,2008,-6368,4768,-22927,-28479,-6879,7969,0.189040957852,0.315405337221,-0.336080247662,-0.0537911585976,-0.0303861998074,-0.0847362485772,0.407672333535,,,-0.131266295435,,,10
-288.583333333,6540.16666667,-18800.1111111,6023.41666667,-754.25,11406.2222222,-751.416666667,-6620.34027778,-256.465277778,12516.0486111,2824.71319542,6605.33388832,6418.27485166,1774.74724094,2756.15086695,2513.09965587,14470.7955593,13989.8180857,2632.35953055,3115.55289199,94.0,4754.0,-17566.0,6166.0,-1142.0,11252.0,1109.5,-7738.0,-367.5,12238.0,2264.1087963,5705.6412037,5444.06481481,1459.25810185,2121.27083333,1981.06790123,12762.7534722,12186.2380401,2004.43846451,2513.52488426,7628,18948,-4960,11312,9896,16700,27393,15247,6302,20369,-7760,-5932,-32768,2008,-6368,4768,-22927,-32768,-6879,5439,0.011273637968,0.220287575918,-0.142026169904,-0.257372443453,0.103056732938,-0.0120363106664,0.547807729931,,,-0.154609661455,,,10
469.416666667,7233.61111111,-18629.5833333,5673.77777778,-1000.5,11495.8333333,-3086.56944444,-8266.63194444,-263.541666667,12779.1527778,2333.91642248,6066.48251341,6136.37796119,1599.24288225,2392.59982072,2253.53621726,14754.8136242,15160.6880934,2550.12840723,3039.52560321,638.0,6006.0,-17990.0,5468.0,-1142.0,11232.0,-5549.5,-7347.5,-477.5,13179.5,1847.28240741,5262.88966049,4901.76967593,1257.94444444,1912.79166667,1800.98148148,13035.4724151,13406.696277,1935.3587963,2457.04822531,7628,18672,-6364,10324,5228,17000,23353,15247,7127,18950,-5284,-3580,-32768,2488,-5464,6480,-22101,-32768,-5498,5439,-0.0864066131316,0.255114304933,-0.199822345391,-0.401284317271,0.213068697221,0.151325387455,0.671221169715,,,-0.038395161805,,,10
461.361111111,6461.5,-18215.7222222,5577.22222222,-1113.80555556,11398.4722222,-5574.13194444,-9882.49305556,-180.722222222,13079.3472222,1946.41078542,6538.16543418,6236.69592734,1347.33529525,2533.76049138,1995.47572169,13776.3655246,14309.897869,2208.41590047,2838.98013137,620.0,5420.0,-18248.0,5510.0,-1670.0,11354.0,-6233.5,-11378.5,-543.5,13162.5,1534.13657407,5643.56944444,5036.83719136,1049.08950617,2124.48842593,1549.0621142,11670.5153356,12480.791956,1637.15509259,2261.23553241,5624,20932,-5224,9652,5240,17000,21993,15864,7127,18950,-4284,-5036,-30820,2852,-5464,6096,-28839,-31189,-5074,6035,0.232371277486,0.164470883072,-0.380763081426,-0.230745442696,0.04578723589,-0.00276127304239,0.508975597987,,,-0.111345130896,,,10
-363.555555556,6198.66666667,-17572.1111111,5646.16666667,-544.138888889,11476.6944444,-4725.66666667,-11219.4722222,-2.52083333333,11502.7708333,2306.06633793,7172.55978533,6793.10254783,1681.81273331,2857.92352272,2141.36579277,13005.7748911,13147.3614173,2422.2272129,3308.57256889,-102.0,3760.0,-17292.0,5634.0,-982.0,11512.0,-4234.0,-13874.0,-410.0,11498.0,1819.60493827,6442.5,5715.33487654,1248.69675926,2456.9070216,1627.73070988,11362.3981481,11123.5104167,1924.92737269,2606.20138889,4612,20932,-4316,9988,5944,18232,21042,18128,7793,18846,-6332,-5036,-32768,-1132,-5892,6096,-28839,-31189,-4895,5456,0.376641910957,0.0298685640794,-0.261757430049,-0.155192923343,-0.226367712562,0.0184232364274,0.303358469959,,,-0.294075666208,,,10
-739.083333333,7076.58333333,-16996.3611111,5649.80555556,-218.083333333,11484.6944444,-2276.53472222,-11586.1944444,-252.243055556,10983.2847222,2689.70287048,5847.76535109,6497.84552848,1890.537635,2791.72286956,2150.11471894,13823.7230429,14098.8185744,2813.50582449,3140.38288535,-550.0,5970.0,-15646.0,5618.0,-688.0,11286.0,-2872.5,-14149.5,-93.5,11357.5,2171.74189815,5220.06018519,5223.33024691,1505.18904321,2357.43402778,1699.05671296,12435.0411844,12117.9864969,2281.72202932,2660.39988426,4612,22008,-4316,9988,5944,18232,22103,18905,7793,16784,-6852,-4112,-32768,-1132,-5892,6852,-26087,-30028,-4895,4509,0.400613274253,0.272799717913,-0.192449791779,-0.387390301597,-0.256396047539,0.0183877697671,0.489804136489,,,-0.204488805213,,,10
-467.666666667,6028.36111111,-17366.9722222,5916.52777778,-226.083333333,11266.1111111,-1164.99305556,-8959.25694444,-747.118055556,10851.3541667,3027.52307077,5109.94068447,6790.09061182,1544.82345131,2363.99533651,2271.7993088,14050.10085,16422.7203715,2575.37579985,2486.92593817,-148.0,5046.0,-15632.0,5976.0,-496.0,11076.0,950.5,-11423.5,-583.5,10438.0,2464.25,4288.62847222,5355.1724537,1221.11689815,1950.1875,1785.89506173,12364.2289738,14580.916088,2124.52575231,2068.49479167,4380,22008,-7152,9584,5304,17760,25892,20853,6721,16693,-8388,-4112,-32768,1444,-3816,6584,-26087,-30028,-5686,4509,0.199861599531,0.371775880252,-0.248798022081,-0.526304727606,-0.0540679920589,0.145724961653,0.606532955665,,,-0.107530886529,,,10
-52.75,4562.69444444,-17552.5,6229.94444444,-685.5,11314.6944444,-1234.78472222,-7444.01388889,-600.666666667,11061.5277778,3003.70333543,5671.40957464,7122.22887836,1402.26302501,2075.62352246,2424.70385266,12633.7532935,15843.574142,2258.56032181,1966.74894123,158.0,3466.0,-15790.0,6166.0,-378.0,11426.0,-2526.0,-10333.0,-365.5,10785.0,2336.24652778,4785.56867284,5880.29861111,1021.30169753,1666.02777778,1951.73070988,11195.2411265,13653.7897377,1828.00925926,1495.71875,10992,16304,-5752,10456,5304,17760,25892,20853,6343,16701,-8388,-6076,-32768,2272,-6508,6584,-20084,-30164,-5686,6444,0.249857086044,0.27657890207,-0.405077678,-0.35648234215,0.0705307810178,0.169519299177,0.511215392944,,,-0.195736140926,,,10
244.555555556,4845.91666667,-18197.0833333,5771.63888889,-1104.97222222,11456.0,-972.305555556,-6470.95138889,-486.722222222,11988.4027778,2169.56806561,6560.55985959,6386.78448868,1677.43426543,2291.52680633,2330.01345175,12344.7793174,13055.2680203,2601.64684113,2392.33304602,158.0,2710.0,-18986.0,5928.0,-680.0,11410.0,126.5,-8335.0,-871.0,11146.0,1650.18981481,5818.54050926,5441.78587963,1263.10841049,1857.42862654,1901.05555556,11051.966821,11163.8866705,2085.28549383,1902.87596451,10992,18852,-5752,10456,3564,17332,17928,20625,6396,18685,-4276,-6076,-31808,1828,-7108,6436,-19138,-30164,-4858,8477,0.360766433495,0.0945203834287,-0.443174036168,-0.249501940614,0.145326417681,-0.102595921719,0.471666105905,,,-0.09588747347,,,10
141.111111111,6115.72222222,-19194.8888889,5490.5,-871.277777778,11591.0555556,-1401.79861111,-5714.0,-465.013888889,11288.6875,1988.69698041,6266.13314968,5902.59079671,1803.66941446,2666.53331543,2188.08588247,13391.5666394,13667.6779434,2668.46225587,2857.93247795,128.0,5186.0,-19270.0,5684.0,-804.0,11406.0,520.5,-4312.5,-917.5,10503.5,1576.95987654,5506.70679012,4948.5154321,1377.13194444,2193.86882716,1731.21527778,12011.6457369,11967.7222222,2262.1097608,2315.42881944,5688,18852,-6276,10296,6556,17416,21506,18769,6396,18685,-3700,-4312,-30848,676,-7108,6436,-23717,-30252,-4858,6602,0.0923004259613,0.140774675757,-0.262358608481,-0.336201484328,0.238539303942,-0.0615659170185,0.653938673588,,,-0.192588049122,,,10
-79.7777777778,6856.22222222,-19351.8055556,5723.22222222,-1094.97222222,11506.3055556,-3635.04166667,-7609.00694444,-365.972222222,11662.4305556,2162.76713599,5881.53256804,6494.94533672,1719.54720192,2538.45623464,1963.28952326,15313.1306597,16348.135364,2141.2292788,2823.26849381,-28.0,6352.0,-18526.0,5796.0,-1194.0,11496.0,-1379.5,-6987.0,-339.5,11602.0,1598.87654321,4930.62037037,5772.73649691,1326.07561728,2083.62615741,1588.63888889,13290.7528935,14614.3264853,1804.59683642,2474.24807099,5688,19880,-8720,9588,6556,17416,21506,18769,3857,16843,-5836,-3696,-32768,676,-6204,7632,-32768,-30767,-4732,6602,-0.0227229290206,0.214644852289,-0.227291080535,-0.390911434336,0.0137029773208,0.300529550885,0.578174393744,,,-0.302549712403,,,10
-288.222222222,7460.88888889,-18522.0277778,5566.83333333,-1319.63888889,11455.7222222,-4881.89583333,-9700.90277778,-349.916666667,12600.3333333,2159.82997403,6438.33059098,6899.89335678,1644.43969245,2451.432162,1983.47396888,15172.7702034,16289.0300983,2088.82696863,2156.38405249,-44.0,5660.0,-16536.0,5706.0,-1360.0,11434.0,-5518.0,-14825.0,-571.0,12694.0,1623.70987654,5474.74691358,6170.14274691,1262.02546296,2072.08834877,1627.33333333,12620.7583912,14400.1259645,1661.47453704,1723.3287037,4088,20776,-8808,9836,5484,15764,20856,20971,4726,16843,-6308,-2620,-32768,484,-6204,6916,-32768,-30767,-4755,7058,0.0334578657955,0.314345341584,-0.326065337895,-0.17731242994,-0.146481409374,0.439943211697,0.467801550164,,,-0.258466334912,,,10
-432.305555556,7343.77777778,-16834.75,5318.41666667,-693.694444444,11688.25,-5269.93055556,-11102.7777778,-101.576388889,11903.6875,2754.52555604,6730.31811553,6485.10848398,1769.2847415,2599.75773287,1895.32118613,12851.5288855,15195.871381,2517.5224017,2582.80408,-584.0,4786.0,-15104.0,5536.0,-594.0,11780.0,-7037.0,-16038.5,-551.5,11592.5,2277.57908951,5988.07407407,5219.97222222,1315.60300926,2205.55131173,1527.73958333,10358.5025077,12573.6234568,1867.38898534,2045.76822917,6660,20776,-4400,10212,5592,15764,19714,24098,8338,18744,-6308,-1616,-32768,-1468,-6140,6916,-28851,-30027,-4755,6836,-0.2586209064,0.378029679282,-0.411439674193,0.0193710615806,-0.00898245995322,0.255793310729,0.424672449692,,,-0.155137760437,,,10
-929.222222222,7350.36111111,-16321.1388889,5671.94444444,-397.138888889,11530.1944444,-3999.46527778,-11820.7708333,-269.6875,11390.0625,3415.47482174,7224.41833564,6559.84631686,1875.31402229,2438.91745621,1859.12209253,13821.1031245,15196.361995,2862.59500949,2675.4549609,-1148.0,4770.0,-15044.0,5734.0,-82.0,11710.0,-9332.5,-14131.5,-340.5,10762.5,2861.62037037,6393.87847222,5122.05864198,1339.16975309,2073.82137346,1475.10300926,11795.8748071,12410.3796296,2075.20572917,2088.65798611,6660,22544,-4400,10656,5592,15640,25730,25087,8338,18744,-8464,-5136,-32768,-1468,-6140,6612,-22563,-32768,-7383,6836,-0.0279628333363,0.348400228242,-0.330233049437,-0.138698492203,0.0134704940965,-0.0404980849901,0.518260692683,,,-0.002783670301,,,10
-48.5277777778,6725.63888889,-16897.0555556,6222.91666667,-487.416666667,11222.0833333,-2200.81944444,-10413.9236111,-755.916666667,11571.5208333,3197.98920203,6982.55191154,6743.66304953,1640.89119356,2244.59548429,2020.1680727,14240.3400612,17524.4598596,2677.5674105,2342.6449727,938.0,4402.0,-14648.0,6138.0,-318.0,11340.0,-3705.0,-13706.5,-594.5,11564.0,2607.14930556,5917.29089506,5407.55941358,1192.64467593,1859.90856481,1605.32523148,12203.4203318,14722.4918981,2058.00810185,1893.25694444,5692,22544,-8872,10656,4724,16600,25730,25087,6508,17201,-8464,-5136,-32768,1552,-5148,6612,-22563,-32768,-7383,7108,0.182994196218,0.30015831669,-0.214238584059,-0.451956825041,0.154505890155,-0.0412554536334,0.674016653802,,,-0.0149032532399,,,10
767.111111111,5378.63888889,-17475.2777778,6449.30555556,-380.083333333,11186.5555556,-1010.59027778,-8239.5,-772.006944444,12321.3888889,2056.07713629,5560.83600221,6801.83481051,1586.62506434,2397.48611786,2212.04992982,13032.9173349,16988.7934692,2301.07815258,2202.31255161,1044.0,4444.0,-14870.0,6494.0,-404.0,11296.0,-1017.0,-10638.0,-975.0,12292.0,1723.35185185,4564.41435185,5614.66820988,1174.75231481,1918.36111111,1763.00462963,11081.2986111,14821.1527778,1810.72907022,1766.65817901,5692,18464,-7676,10376,6344,16600,21323,24653,6018,16440,-3620,-4936,-32768,1252,-5712,5708,-21348,-32768,-5141,7108,0.139448447547,0.35447199002,-0.373561509582,-0.407228868719,0.233191433349,0.0409258272661,0.634662904231,,,-0.101265193293,,,10
485.722222222,5284.47222222,-18152.1388889,6418.55555556,-590.25,11242.4166667,-572.4375,-6107.13888889,-446.555555556,12115.25,1930.45705101,6163.86425878,6534.86226479,2045.92697809,2600.4533104,2492.43335898,12733.9589231,13712.9974901,2567.24431395,1916.50077948,838.0,4476.0,-16600.0,6532.0,-734.0,11452.0,897.5,-5475.5,-603.0,11795.5,1536.05401235,5194.68479938,5580.09490741,1560.41358025,2134.57638889,1863.78240741,10969.9956597,11740.4185957,2028.23302469,1594.24305556,3872,19356,-7668,11288,6344,18948,19877,15857,5689,16594,-5516,-4596,-32768,1252,-6492,4280,-21167,-30881,-6639,8699,0.168412769815,0.313866111242,-0.496607714886,-0.195838695528,0.24426292775,-0.183302560601,0.463494271869,,,-0.145555846011,,,10
867.25,6268.22222222,-18939.2222222,6116.25,-691.416666667,11409.1666667,-2266.53472222,-5901.27083333,-147.416666667,11814.9236111,2257.32421428,6822.34670825,6297.33797066,2060.98963092,2701.09596897,2435.83948281,13110.7712265,14567.7531038,2949.52037229,2602.93605627,1542.0,5022.0,-18184.0,6046.0,-1044.0,11416.0,-271.5,-5564.5,100.5,11168.0,1740.64930556,6010.74382716,5394.40123457,1629.59027778,2195.1400463,1814.16666667,11380.225598,12287.760706,2433.39236111,2128.50279707,4340,19356,-7668,11288,6700,18948,19877,21782,5689,17772,-6156,-5592,-32768,1464,-6492,4280,-25496,-31538,-6639,7933,0.240064564452,0.0337796305952,-0.318791423942,-0.167986327655,0.260489785049,-0.0892823773523,0.573289062276,,,-0.231430202471,,,10
709.25,7215.36111111,-19205.4722222,5614.30555556,-642.083333333,11513.25,-4037.5,-7771.54861111,-159.013888889,12276.4375,2322.20962866,5682.40641752,6214.23804796,1853.88157254,2711.75133331,2518.8254103,12750.8022833,17038.6780528,3017.41266926,2567.19813178,1352.0,7398.0,-18248.0,5460.0,-1396.0,11366.0,-4328.5,-7556.0,130.5,11758.0,1963.03819444,4895.41666667,5303.74691358,1428.32253086,2223.625,1973.96527778,11299.8055556,14968.5284529,2418.73649691,2117.85677083,4340,18252,-6656,10440,6700,18904,19491,21782,8961,17772,-6156,-5592,-32768,-256,-6072,5212,-25496,-32768,-6218,7933,0.288384063521,-0.0918840178435,-0.218716877568,-0.307290354134,-0.0142805762938,0.191964399644,0.696718875474,,,-0.176191278589,,,10
440.944444444,7008.97222222,-18152.0,5438.80555556,-774.222222222,11457.6666667,-4715.66666667,-9257.82638889,-139.013888889,12186.3611111,2092.78036956,5092.43300411,5889.39311583,1922.97759089,2710.04181952,2670.92166592,12126.7089044,16702.7531508,2794.8635104,1914.77118942,772.0,6768.0,-17648.0,5606.0,-1452.0,11320.0,-9436.0,-11608.5,-424.5,12124.0,1761.83641975,4485.93016975,5036.94444444,1413.03858025,2261.45061728,2105.15740741,10510.8194444,14801.1995563,2086.76195988,1564.40779321,4252,16028,-6656,10824,5516,18904,21423,19095,8961,17317,-4780,-2236,-32768,-256,-6072,5212,-21248,-32768,-6218,8467,0.324729620465,0.0907096554363,-0.451119565821,-0.423587114007,-0.0104345610991,0.100092101976,0.592278524342,,,-0.0743526463564,,,10
912.861111111,6843.75,-16483.6666667,5833.33333333,-828.222222222,11370.0833333,-5227.53472222,-11916.9027778,-166.506944444,12117.5972222,1803.08361593,6851.1692101,5249.9863523,1911.65605357,2782.59882664,2381.3469524,11692.4797904,14083.3163988,2430.95766618,1985.44223225,1286.0,4316.0,-15382.0,5918.0,-1390.0,11332.0,-8508.5,-14969.0,-475.0,12010.5,1388.55092593,6085.38194444,3958.47685185,1468.18518519,2287.47530864,1913.27893519,9871.4132909,11780.9427083,1851.47800926,1504.88869599,3944,20428,-4284,10824,7468,17384,21423,18644,6614,19185,-4780,-4328,-32228,368,-6068,6148,-21248,-32768,-5044,8467,0.140421211583,0.247821238359,-0.37352724822,-0.246766993299,0.128238412603,0.0479012072019,0.444437138064,,,-0.134744313162,,,10
-116.222222222,7516.75,-16232.2222222,6174.25,-460.833333333,11286.3055556,-3585.00694444,-13088.1805556,61.1527777778,11640.2986111,3204.53869659,7546.26093075,6023.93324154,2051.57586199,2823.42516287,2701.27046328,12506.2102853,13576.0427006,3554.14963878,2320.01265092,696.0,5144.0,-15000.0,6236.0,-788.0,11180.0,-4194.5,-15927.5,-735.0,11670.5,2392.14506173,6648.12847222,4240.94753086,1651.35416667,2306.21990741,2186.81404321,10664.7290702,11199.796875,2695.8908179,1723.79861111,18036,21716,-4284,10736,7468,17064,24015,23081,9286,19480,-8320,-4328,-32768,1164,-5312,4188,-26885,-32768,-8611,6871,0.0708015500144,0.281488874431,-0.167610847385,-0.165969335024,-0.0440386780653,0.0991066436958,0.590051168149,,,-0.166181803074,,,10
-93.6388888889,6764.0,-16914.2222222,6312.47222222,-89.75,11281.6944444,-817.722222222,-10356.7222222,-16.2430555556,11443.0763889,3949.63453494,6164.1057428,6849.32427523,1901.79836844,2524.81674056,2621.32097505,12602.0167197,16362.1415937,3697.56547623,2651.63998094,96.0,6362.0,-14020.0,6208.0,-420.0,11230.0,-2243.5,-15218.0,-333.0,11266.5,3176.07330247,4894.05555556,5552.03703704,1467.38734568,2076.54861111,2129.96373457,10868.1720679,14125.9135802,2780.44502315,1990.79002701,18036,21716,-7776,10736,6784,17064,24015,23081,9286,19480,-8320,-6048,-32768,1164,-5056,4188,-26885,-31972,-8611,6871,0.0150184431272,0.321028802303,-0.238753701793,-0.30226141546,-0.0490148284086,0.0546941841413,0.651827490425,,,-0.249161381771,,,10
1394.69444444,5578.61111111,-17026.3611111,6260.47222222,-319.777777778,11253.0277778,134.625,-7563.56944444,-596.013888889,11707.8472222,3137.92929201,4752.99121586,6496.16466795,1515.94228327,2328.01205283,2483.0787002,11073.2338836,15987.8695142,2642.6434159,2261.23349691,2320.0,5822.0,-14188.0,6310.0,-440.0,11294.0,-2025.0,-9567.0,-545.5,11565.0,2570.56057099,3996.91049383,5430.31481481,1190.34799383,1926.45987654,2028.16589506,9517.11631944,13904.6668596,2020.90316358,1613.46373457,8704,17436,-8360,10436,5308,16768,21121,21902,8523,18698,-6344,-6048,-32768,1196,-4052,5520,-20594,-30684,-6368,7269,0.0474199840671,0.318521365995,-0.52264649571,-0.270698078102,0.0223695918706,0.0611709266902,0.516908044969,,,-0.18417564036,,,10
969.611111111,6037.25,-17516.6388889,6198.66666667,-466.527777778,11249.4444444,-596.756944444,-7027.375,-618.506944444,12165.3194444,2533.62282176,6181.55074067,6289.64123251,1887.11861613,2680.67828789,2415.66818502,12017.0898931,14267.5139032,2562.66271596,2199.55907741,1378.0,4168.0,-16246.0,6514.0,-272.0,11220.0,-1031.0,-8732.0,-931.0,12042.0,2087.08719136,5124.25347222,5359.58757716,1411.44444444,2250.23842593,1936.56018519,10259.7464313,11997.2378472,1991.54803241,1624.54552469,4812,21100,-8360,10308,6972,16768,20620,21607,6451,17736,-6372,-5400,-31056,196,-4812,5520,-21970,-28510,-5572,7307,0.172058865785,0.222147442878,-0.365500903168,-0.320577686498,-0.0910269907932,0.0344282439814,0.412750368516,,,-0.250168429903,,,10
-251.555555556,6977.27777778,-18156.1111111,5725.66666667,-691.111111111,11447.75,-2023.27083333,-7141.5625,-537.652777778,12227.0138889,2902.68313247,6847.62783533,6238.86209715,2042.39785033,2817.94872355,2036.61346323,13449.0201318,14867.2110386,2922.38026206,2714.04843525,276.0,4216.0,-17116.0,5978.0,-794.0,11230.0,-1442.0,-8816.0,-561.0,11932.5,2296.5,6074.56404321,5124.74228395,1608.75,2353.45679012,1610.39583333,11760.3200231,12520.6006944,2323.4214892,2010.97453704,6140,21100,-8768,10308,6972,17744,21209,21607,6451,19744,-8028,-5400,-32768,196,-5232,7392,-21970,-31096,-6389,7307,0.357485535559,0.293379738579,-0.190056705844,-0.262938776772,-0.115498117387,0.00175601100372,0.514067559634,,,-0.24111801699,,,10
-318.611111111,7628.36111111,-18618.1666667,5367.19444444,-939.194444444,11686.3333333,-2843.56944444,-7135.91666667,-403.090277778,11042.9097222,3209.29420625,6054.58277406,6525.80792201,1874.74215394,2673.4013569,2439.71826873,13208.0944411,17031.6007672,2972.47758709,2678.05612864,142.0,5736.0,-17262.0,5174.0,-974.0,11548.0,-4547.5,-7928.5,-31.5,11083.0,2477.00771605,5313.17399691,5350.18287037,1420.76041667,2234.72800926,1943.40740741,11781.109375,14852.6701389,2425.41849923,1964.3831983,12836,18416,-9508,11392,5960,18168,21209,20442,7116,19744,-8028,-1756,-32768,656,-5872,7392,-20332,-31780,-6389,5623,0.172475164333,0.20594855139,-0.0946226119266,-0.334999238481,0.0237669364675,0.0391303544044,0.605875860474,,,-0.085593220985,,,10
863.972222222,7657.33333333,-17944.2222222,5881.88888889,-1052.63888889,11435.2777778,-3440.88194444,-8688.47222222,-333.326388889,11326.9097222,2819.32751974,5278.26167613,6309.13391421,1879.96416835,2524.63916029,2480.58159897,11928.629838,16732.7347139,2559.8484544,2608.20808973,750.0,7334.0,-16372.0,5772.0,-1284.0,11478.0,-6496.5,-11397.5,-387.5,11661.0,2183.47145062,4516.2037037,5148.04938272,1410.9058642,2092.76118827,2008.85339506,10556.2316744,14971.1616512,2056.28472222,2115.39322917,12836,18416,-8164,11676,4784,18168,20364,20012,7116,17447,-5376,-1756,-32768,1904,-6156,6932,-18651,-31780,-5353,5623,0.0341475813863,0.253671112129,-0.184027334865,-0.33892773701,-0.0974308737525,0.116236348301,0.607140733599,,,-0.00674934040978,,,10
1407.27777778,6931.72222222,-16250.3888889,6159.36111111,-1183.44444444,11164.0833333,-4921.90277778,-11406.8888889,-264.277777778,11730.5277778,2140.34489883,6293.47484309,5371.91632944,1683.82306684,2597.8690616,2028.52042087,11174.1985995,13312.9003229,2330.33700388,2659.86359066,1326.0,5890.0,-16542.0,6172.0,-1530.0,11310.0,-6316.0,-15436.0,-735.0,11487.5,1759.12654321,5457.42515432,4258.03395062,1209.48109568,2081.67283951,1626.58217593,9903.08738426,11351.4074074,1871.06867284,2180.66242284,6300,20812,-6580,11676,5512,16744,18509,12899,5505,17615,-2696,-4036,-29992,1904,-6192,6932,-21495,-31041,-4074,6800,0.24019274578,0.327223748295,-0.466016817343,-0.163645884465,-0.0823618290661,0.103291094609,0.493617548692,,,-0.068027981447,,,10
628.388888889,6411.16666667,-15902.0833333,6420.5,-696.25,11155.4166667,-3435.36805556,-12366.3402778,-71.6041666667,11165.9791667,2187.07840728,6637.8199113,5123.86185145,1616.79063087,2634.08348334,1899.23844694,12105.4582018,12285.8207391,2517.93650175,2317.41918325,1084.0,4580.0,-16174.0,6372.0,-912.0,11118.0,-3885.5,-15191.5,-212.5,10684.5,1820.49614198,5725.25925926,4171.08101852,1234.90277778,2137.95486111,1533.96412037,11051.6772762,10312.3391204,2084.39293981,1743.08709491,5456,20812,-6056,11208,6108,16744,16241,11458,6407,17615,-4320,-4036,-28244,1964,-6192,7352,-21495,-31041,-5397,7378,0.270902911584,0.35988073512,-0.39364109936,-0.0977812857423,0.044589535471,-0.107117852742,0.6244029848,,,0.0131870441209,,,10
934.361111111,5467.05555556,-16724.9444444,6594.33333333,-327.888888889,11150.8888889,447.625,-9454.06944444,-151.520833333,11298.0347222,2655.79725459,5170.7075976,6012.59801866,1588.52257523,2359.7897711,2112.53370267,10781.6079868,14604.419659,2767.16141691,2022.00732643,1522.0,4096.0,-15722.0,6470.0,-496.0,11118.0,1976.5,-12268.5,-50.5,11260.0,2218.93479938,4161.83564815,4952.05941358,1239.73148148,1895.45524691,1706.76234568,9546.60069444,12875.9247685,2205.28530093,1553.82687114,6364,16632,-6056,11208,6108,16360,16241,18842,7547,17162,-4320,-3984,-29540,2484,-4572,7052,-17714,-31094,-5397,6554,0.191141621119,0.462178001336,-0.242582879574,-0.268094341219,-0.0553429705221,0.0530865628116,0.667649559041,,,-0.0279493034855,,,10
1548.22222222,5804.11111111,-17450.8333333,5951.69444444,-447.111111111,11467.75,762.041666667,-6540.49305556,-468.430555556,11962.7430556,2413.24966307,4879.7484962,5749.88742973,1604.86387144,2333.54859613,2363.97972936,9940.30067004,13791.5915693,2381.62557652,2022.46105617,1596.0,4748.0,-16346.0,5948.0,-422.0,11234.0,1522.0,-5528.0,-502.0,12116.5,1999.22222222,4038.23611111,4882.84490741,1237.52777778,1847.22222222,1938.39583333,8426.63483796,11960.2289738,1851.92457562,1538.11844136,6976,15308,-7424,10804,7164,16840,16035,18842,7547,18075,-4048,-3984,-29540,736,-4572,7052,-18368,-31094,-5385,6554,0.338752252926,0.454151081483,-0.285420007962,-0.412535230901,-0.15720139441,0.278826873406,0.468377244703,,,-0.224757949929,,,10
767.777777778,7635.36111111,-17823.0277778,5732.02777778,-419.277777778,11475.0833333,-933.826388889,-7605.16666667,-587.694444444,12821.0347222,2202.01264722,4933.96827003,4878.5936354,1527.315154,2260.20090216,2368.6305019,12138.2802743,13259.4326446,1758.89166579,1761.55941093,492.0,7004.0,-16918.0,5968.0,-376.0,11458.0,437.0,-6410.5,-648.0,12644.5,1762.59567901,4142.6878858,4246.09992284,1187.85802469,1808.04552469,1902.73726852,10756.0015432,11613.3125,1443.27237654,1447.07928241,6976,16520,-8768,9456,7164,18156,19197,12839,3482,18075,-3916,-3176,-27420,736,-5232,6656,-20420,-30546,-4215,9215,0.426393591019,0.336139117598,-0.203451671973,-0.311501668602,-0.0714651250459,0.0537186699862,0.598353500636,,,-0.193923134146,,,10
111.805555556,8163.36111111,-17734.5,6097.5,-403.666666667,11276.9166667,-2048.25694444,-9152.32638889,-305.506944444,12490.9513889,2450.34506854,5286.92048402,6080.31209863,1592.1184111,2132.76360982,2089.45680866,12517.1465457,14691.5697152,2294.02263113,2356.89792371,316.0,7312.0,-16862.0,6062.0,-492.0,11236.0,-3354.5,-10164.0,-211.0,12619.0,1887.16049383,4632.92785494,5202.07638889,1238.96527778,1821.56481481,1631.81828704,10971.1593364,13228.136767,1841.4445409,1933.7728588,4464,18224,-5520,9904,3572,18156,19549,16339,5264,16459,-7832,-904,-31028,1808,-5232,6656,-20420,-30546,-5545,6881,0.148498700849,0.528399232475,-0.169067148974,-0.120854295583,0.111543667757,-0.220884133627,0.597772653983,,,-0.416051108983,,,10
792.861111111,7536.63888889,-17345.3611111,6350.36111111,-515.944444444,11283.3055556,-3277.95138889,-11047.0347222,-373.611111111,12266.6388889,2768.41228035,5568.87419114,6852.27387976,1617.42666466,2088.81333387,1764.2701745,11833.1865202,14565.9848533,2592.57700484,2570.56793978,980.0,6268.0,-15382.0,6382.0,-650.0,11092.0,-4326.0,-14521.0,293.5,12202.0,2076.33719136,4944.34760802,5697.38580247,1228.21720679,1756.89506173,1417.52546296,10101.5506366,12560.5988619,2194.20447531,2079.57214506,6400,18224,-5520,9904,4948,16400,19549,16339,5264,17831,-7832,-1224,-32768,212,-4392,7996,-21507,-32263,-5545,6881,0.00942774826006,0.235372153237,-0.201054165448,-0.18341610279,0.0760136511119,-0.131186996469,0.50432751795,,,-0.349319297289,,,10
2018.97222222,6551.55555556,-15851.1111111,6475.69444444,-394.222222222,11175.3611111,-2713.34027778,-12600.5833333,-408.145833333,12169.2083333,2387.26531653,5391.80797133,5706.44078153,1558.25895887,2389.04828886,1985.49952712,12131.2257045,13267.2542917,2233.2438634,2552.2751317,2478.0,4866.0,-14176.0,6462.0,-682.0,10758.0,-2865.5,-15150.5,-249.5,11666.5,1865.13078704,4601.45679012,4327.53703704,1120.24575617,1922.35185185,1607.30787037,10267.8494406,11169.7766204,1859.40017361,2098.60127315,6400,17496,-5728,10748,6232,17188,25422,14245,4387,17831,-4868,-1968,-32768,212,-4228,7164,-21507,-32263,-5792,7442,0.12348557104,0.150978466176,-0.192627893531,-0.450314804865,-0.00846663298738,0.208902019489,0.603871525827,,,-0.102839980033,,,10
1634.22222222,5200.41666667,-15558.25,6566.83333333,-525.527777778,11109.6944444,-265.284722222,-11990.8541667,-422.25,11770.875,2308.6979482,5175.64047386,5161.00047153,1629.60491158,2575.0289616,2254.33929749,10588.6991275,14184.648658,2229.54620645,2573.39368019,2118.0,3366.0,-14250.0,6640.0,-248.0,10792.0,345.5,-13969.0,-408.5,11251.5,1886.91358025,4250.0150463,4113.79861111,1124.69907407,2093.05709877,1870.87615741,8616.31442901,12139.7650463,1729.19791667,2185.63541667,5604,17496,-7356,11732,6232,17188,25422,15956,6883,17235,-3732,-3028,-28976,884,-5856,6428,-17292,-32084,-5792,7442,0.291760750817,0.563386329259,-0.130909662839,-0.307677601964,-0.102221465579,0.253168473916,0.591898092013,,,-0.0248536393593,,,10
385.788617886,6292.61788618,-17480.0325203,6274.47154472,-971.349593496,11283.0243902,1620.32520325,-6950.64227642,-393.617886179,12755.2520325,2323.0811763,5687.23637475,5758.69954573,2130.08369083,2447.42628946,2174.12596142,10869.7272286,14712.6681703,2778.90896305,2702.33569463,180.0,4424.0,-18028.0,6488.0,-540.0,11072.0,1644.0,-6848.0,-538.0,12811.0,1915.61054928,4707.18487673,4663.90164585,1478.31740366,2073.64346619,1744.70910173,9165.0705268,12783.7044088,2137.52197766,2255.59957697,8620,21544,6464,13156,3368,16812,21076,15956,6883,18574,-3336,-3028,-28976,884,-5864,6428,-17886,-30280,-6133,8190,0.163624410857,0.587117694325,-0.126405276217,-0.327874696326,0.00092307484823,-0.000371410157397,0.431249280272,,,0.0983488080385,,,10
-410.196078431,9116.78431373,-18934.5098039,5724.62745098,-1104.23529412,11549.0980392,2440.90196078,-530.549019608,37.1960784314,14000.1176471,2322.95126957,5664.7800039,5487.80944047,2477.925503,2494.64314553,2059.76419286,13812.8109511,10593.885992,3238.50235769,2358.98587234,-1184.0,7524.0,-20968.0,5928.0,-1036.0,10936.0,6962.0,-45.0,362.0,13652.0,1826.5774702,4836.78277586,3674.30065359,1889.63936947,2021.42560554,1582.66820454,12153.680123,8472.16762784,2554.70203768,1893.9077278,8620,21544,6464,13156,3368,16812,21076,15157,5908,18574,-3096,1044,-26028,1848,-5864,8972,-17886,-22519,-6133,10097,0.495294420785,0.744464856553,0.233655009597,-0.611652981004,0.247554263329,-0.251407102032,0.466597549717,,,0.223466253888,,,10
